run_id,start_idx,end_idx,n_samples,duration_sec,success,pos_err,goal_x,goal_y,final_x,final_y,noise_strength_max,blur_strength_max,brightness_strength_max,group
0,0,999,1000,9.990000000000686,True,0.0018496905591134372,0.2,-0.15,0.20184969055911345,-0.15159691374273404,0.0,0.0,0.0,normal
1,1000,2000,1001,9.999999999996197,True,0.0027464462992480287,0.2,-0.15,0.20274644629924804,-0.15122209401821782,0.0,0.0,0.0,normal
2,2001,3000,1000,9.990000000001675,True,0.009617776465988853,0.2,-0.15,0.20961777646598886,-0.15249297430748016,0.0,0.0,0.0,normal
3,3001,4000,1000,9.99000000001221,True,0.0024537264624236166,0.2,-0.15,0.20060926939048862,-0.14754627353757638,0.0,0.0,0.0,normal
4,4001,5000,1000,9.99000000001221,True,0.01529171842922894,0.2,-0.15,0.21529171842922895,-0.14357513298552244,0.0,0.0,0.0,normal
5,5001,6001,1001,9.999999999983437,True,0.01498440790560282,0.2,-0.15,0.2089656080731944,-0.13501559209439717,0.0,0.0,0.0,normal
6,6002,7002,1001,9.999999999976694,True,0.008663786061948342,0.2,-0.15,0.19787759224541182,-0.15866378606194834,0.0,0.0,0.0,normal
7,7003,8003,1001,9.999999999976694,True,0.006624821893957994,0.2,-0.15,0.206624821893958,-0.15067464225395902,0.0,0.0,0.0,normal
8,8004,9004,1001,9.999999999976694,True,0.010764410791773704,0.2,-0.15,0.21076441079177372,-0.1585943551891166,0.0,0.0,0.0,normal
9,9005,10005,1001,9.999999999976694,True,0.008845004946522156,0.2,-0.15,0.20884500494652217,-0.15424474311287578,0.0,0.0,0.0,normal
10,10006,11005,1000,9.99000000000683,True,0.010389594133730029,0.2,-0.15,0.20339287242871978,-0.16038959413373002,0.0,0.0,0.0,normal
11,11006,12005,1000,9.9900000000477,True,0.010861198466146332,0.2,-0.15,0.21086119846614634,-0.15418887067197168,0.0,0.0,0.0,normal
12,12006,13005,1000,9.9900000000477,True,0.0074766369607282,0.2,-0.15,0.20658675234628737,-0.1574766369607282,0.0,0.0,0.0,normal
13,13006,14005,1000,9.9900000000477,True,0.0018334129404586064,0.2,-0.15,0.20145264372512045,-0.1518334129404586,0.0,0.0,0.0,normal
14,14006,15005,1000,9.9900000000477,True,0.012683141999801306,0.2,-0.15,0.21268314199980132,-0.15245492973275213,0.0,0.0,0.0,normal
15,15006,16005,1000,9.9900000000477,True,0.011516337315858105,0.2,-0.15,0.21151633731585812,-0.1480175965375282,0.0,0.0,0.0,normal
16,16006,17005,1000,9.9900000000477,True,0.008673741783772754,0.2,-0.15,0.20867374178377276,-0.1488622883557833,0.0,0.0,0.0,normal
17,17006,18005,1000,9.9900000000477,True,0.006106912897840461,0.2,-0.15,0.20610691289784047,-0.14685691330714287,0.0,0.0,0.0,normal
18,18006,19005,1000,9.9900000000477,True,0.0008418152007380331,0.2,-0.15,0.19964211246449232,-0.14915818479926196,0.0,0.0,0.0,normal
19,19006,20005,1000,9.9900000000477,True,0.014636000380771924,0.2,-0.15,0.21463600038077194,-0.1564563004748709,0.0,0.0,0.0,normal
20,20006,21005,1000,9.9900000000477,True,0.004531138070671931,0.2,-0.15,0.1973480582207862,-0.15453113807067193,0.0,0.0,0.0,normal
21,21006,22005,1000,9.9900000000477,True,0.013330187641169583,0.2,-0.15,0.20369307525286917,-0.16333018764116958,0.0,0.0,0.0,normal
22,22006,23005,1000,9.9900000000477,True,0.010239661725127164,0.2,-0.15,0.2061970582105151,-0.16023966172512716,0.0,0.0,0.0,normal
23,23006,24005,1000,9.9900000000477,True,0.007850929307001098,0.2,-0.15,0.20129098920599112,-0.1421490706929989,0.0,0.0,0.0,normal
24,24006,25005,1000,9.9900000000477,True,0.006403246963808729,0.2,-0.15,0.2036595782698255,-0.15640324696380872,0.0,0.0,0.0,normal
25,25006,26005,1000,9.9900000000477,True,0.01083791087762248,0.2,-0.15,0.21066770425028664,-0.16083791087762248,0.0,0.0,0.0,normal
26,26006,27005,1000,9.9900000000477,True,0.008250127620946346,0.2,-0.15,0.20825012762094636,-0.1537593671148033,0.0,0.0,0.0,normal
27,27006,28005,1000,9.9900000000477,True,0.019886034914751632,0.2,-0.15,0.21988603491475164,-0.13379278706120704,0.0,0.0,0.0,normal
28,28006,29005,1000,9.9900000000477,True,0.005857355062091257,0.2,-0.15,0.2039054724560163,-0.14414264493790874,0.0,0.0,0.0,normal
29,29006,30005,1000,9.9900000000477,True,0.0128200345387115,0.2,-0.15,0.21093636107913746,-0.1628200345387115,0.0,0.0,0.0,normal
30,30006,31005,1000,9.9900000000477,False,0.11068681898261518,0.2,-0.15,0.3106868189826152,-0.11572867808887091,0.0,0.0,0.0,normal
31,31006,32005,1000,9.9900000000477,True,0.0058920165057833596,0.2,-0.15,0.20589201650578337,-0.14864216176884193,0.0,0.0,0.0,normal
32,32006,33005,1000,9.9900000000477,True,0.003826110014965578,0.2,-0.15,0.20196836828468748,-0.15382611001496557,0.0,0.0,0.0,normal
33,33006,34005,1000,9.9900000000477,True,0.004160777644799746,0.2,-0.15,0.20059682271009735,-0.14583922235520025,0.0,0.0,0.0,normal
34,34006,35005,1000,9.9900000000477,True,0.0026873887799237772,0.2,-0.15,0.20201959247519177,-0.15268738877992377,0.0,0.0,0.0,normal
35,35006,36005,1000,9.9900000000477,True,0.0178709876722927,0.2,-0.15,0.2178709876722927,-0.15204357759155374,0.0,0.0,0.0,normal
36,36006,37005,1000,9.9900000000477,True,0.007837903366442633,0.2,-0.15,0.19216209663355738,-0.14294695692782677,0.0,0.0,0.0,normal
37,37006,38005,1000,9.9900000000477,True,0.00558118323405446,0.2,-0.15,0.20473174388679555,-0.15558118323405445,0.0,0.0,0.0,normal
38,38006,39005,1000,9.9900000000477,True,0.0070334329643020055,0.2,-0.15,0.20703343296430202,-0.15587609022882373,0.0,0.0,0.0,normal
39,39006,40005,1000,9.9900000000477,True,0.0057207561433209875,0.2,-0.15,0.205720756143321,-0.14987677428518928,0.0,0.0,0.0,normal
40,40006,41005,1000,9.9900000000477,True,0.011994992521907527,0.2,-0.15,0.21199499252190754,-0.15673998785163157,0.0,0.0,0.0,normal
41,41006,42005,1000,9.9900000000477,True,0.01338405062528375,0.2,-0.15,0.21338405062528376,-0.1521932166654913,0.0,0.0,0.0,normal
42,42006,43006,1001,9.999999999917804,True,0.004196640011139535,0.2,-0.15,0.2006589223400741,-0.14580335998886046,0.0,0.0,0.0,normal
43,43007,44007,1001,9.999999999763531,True,0.009185571810406079,0.2,-0.15,0.20391073776761587,-0.15918557181040607,0.0,0.0,0.0,normal
44,44008,45008,1001,9.999999999763531,True,0.00529146426311633,0.2,-0.15,0.20221645021131768,-0.14470853573688366,0.0,0.0,0.0,normal
45,45009,46009,1001,9.999999999763531,True,0.006712329475897533,0.2,-0.15,0.20671232947589754,-0.1491168803529714,0.0,0.0,0.0,normal
46,46010,47010,1001,9.999999999763531,True,0.01072835610484385,0.2,-0.15,0.21072835610484386,-0.14646273702271953,0.0,0.0,0.0,normal
47,47011,48011,1001,9.999999999763531,True,0.014355925897660132,0.2,-0.15,0.21435592589766014,-0.1481157873931004,0.0,0.0,0.0,normal
48,48012,49012,1001,9.999999999763531,True,0.002664406662979263,0.2,-0.15,0.19852671286302062,-0.15266440666297926,0.0,0.0,0.0,normal
49,49013,50013,1001,9.999999999763531,True,0.0040174917512317,0.2,-0.15,0.1959825082487683,-0.14771060732680785,0.0,0.0,0.0,normal
50,50014,51014,1001,9.999999999763531,True,0.011471462767365853,0.2,-0.15,0.21147146276736586,-0.14558052633308954,0.0,0.0,0.0,normal
51,51015,52015,1001,9.999999999763531,False,0.05515485497594652,0.2,-0.15,0.25515485497594653,-0.1464166558685144,0.0,0.0,0.0,normal
52,52016,53016,1001,9.999999999763531,True,0.009423893421971946,0.2,-0.15,0.20942389342197196,-0.14386846348548243,0.0,0.0,0.0,normal
53,53017,54017,1001,9.999999999763531,True,0.008505582046276966,0.2,-0.15,0.20133251002950972,-0.15850558204627696,0.0,0.0,0.0,normal
54,54018,55018,1001,9.999999999763531,True,0.0018306928808318468,0.2,-0.15,0.2003198049206848,-0.15183069288083184,0.0,0.0,0.0,normal
55,55019,56019,1001,9.999999999763531,True,0.014660396895907701,0.2,-0.15,0.2146603968959077,-0.1641672357080176,0.0,0.0,0.0,normal
56,56020,57020,1001,9.999999999763531,True,0.0035532934901829627,0.2,-0.15,0.1976554617350319,-0.14644670650981703,0.0,0.0,0.0,normal
57,57021,58021,1001,9.999999999763531,True,0.008789988752732902,0.2,-0.15,0.2087899887527329,-0.15303498200977617,0.0,0.0,0.0,normal
58,58022,59022,1001,9.999999999763531,True,0.0031572594805897025,0.2,-0.15,0.20314930335026957,-0.1468427405194103,0.0,0.0,0.0,normal
59,59023,60023,1001,9.999999999763531,True,0.013849852799740409,0.2,-0.15,0.203326099442823,-0.13615014720025959,0.0,0.0,0.0,normal
60,60024,61024,1001,9.999999999763531,True,0.0036916855636640322,0.2,-0.15,0.20114721116339532,-0.14630831443633596,0.0,0.0,0.0,normal
61,61025,62025,1001,9.999999999763531,True,0.013651147972778582,0.2,-0.15,0.20500497294988723,-0.1363488520272214,0.0,0.0,0.0,normal
62,62026,63026,1001,9.999999999763531,True,0.008632148205523826,0.2,-0.15,0.20863214820552384,-0.14992402762599655,0.0,0.0,0.0,normal
63,63027,64027,1001,9.999999999763531,True,0.004055831981407881,0.2,-0.15,0.2040558319814079,-0.15347109443870963,0.0,0.0,0.0,normal
64,64028,65028,1001,9.999999999763531,True,0.0030369266352401614,0.2,-0.15,0.19911704946603176,-0.15303692663524016,0.0,0.0,0.0,normal
65,65029,66029,1001,9.999999999763531,True,0.01277970627557487,0.2,-0.15,0.20632523076277173,-0.16277970627557486,0.0,0.0,0.0,normal
66,66030,67030,1001,9.999999999763531,True,0.00732863306174647,0.2,-0.15,0.19927916044673222,-0.15732863306174646,0.0,0.0,0.0,normal
67,67031,68031,1001,9.999999999763531,True,0.007602167082289779,0.2,-0.15,0.20417101012373226,-0.15760216708228977,0.0,0.0,0.0,normal
68,68032,69032,1001,9.999999999763531,True,0.007033992757219526,0.2,-0.15,0.20703399275721954,-0.153138973945708,0.0,0.0,0.0,normal
69,69033,70033,1001,9.999999999763531,True,0.011299964115379951,0.2,-0.15,0.21129996411537996,-0.14722025371125394,0.0,0.0,0.0,normal
70,70034,71034,1001,9.999999999763531,True,0.007195589540548664,0.2,-0.15,0.20113251374389707,-0.14280441045945133,0.0,0.0,0.0,normal
71,71035,72035,1001,9.999999999763531,True,0.01960766709193526,0.2,-0.15,0.2110373411955485,-0.16960766709193525,0.0,0.0,0.0,normal
72,72036,73036,1001,9.999999999763531,True,0.008577959237513838,0.2,-0.15,0.20857795923751385,-0.15101657362663418,0.0,0.0,0.0,normal
73,73037,74037,1001,9.999999999763531,True,0.01799109992741854,0.2,-0.15,0.21799109992741855,-0.14691332424718712,0.0,0.0,0.0,normal
74,74038,75038,1001,9.999999999763531,True,0.0018163200773801957,0.2,-0.15,0.2018163200773802,-0.14982875500602846,0.0,0.0,0.0,normal
75,75039,76039,1001,9.999999999763531,True,0.010940358982506393,0.2,-0.15,0.2109403589825064,-0.1547235660415387,0.0,0.0,0.0,normal
76,76040,77040,1001,9.999999999763531,True,0.006080307874974794,0.2,-0.15,0.1999091481197952,-0.1560803078749748,0.0,0.0,0.0,normal
77,77041,78041,1001,9.999999999763531,True,0.01725345836904757,0.2,-0.15,0.21084794288487868,-0.16725345836904756,0.0,0.0,0.0,normal
78,78042,79042,1001,9.999999999763531,True,0.007068942055632493,0.2,-0.15,0.2070689420556325,-0.14951190440769277,0.0,0.0,0.0,normal
79,79043,80043,1001,9.999999999763531,True,0.007169350465275198,0.2,-0.15,0.20140935186698586,-0.1571693504652752,0.0,0.0,0.0,normal
80,80044,81044,1001,9.999999999763531,True,0.014782057971105933,0.2,-0.15,0.21478205797110594,-0.1470964913478754,0.0,0.0,0.0,normal
81,81045,82045,1001,9.999999999763531,True,0.00897346601161278,0.2,-0.15,0.20310884980524582,-0.14102653398838721,0.0,0.0,0.0,normal
82,82046,83046,1001,9.999999999763531,True,0.015273880287152763,0.2,-0.15,0.21527388028715277,-0.1609143401206565,0.0,0.0,0.0,normal
83,83047,84047,1001,9.999999999763531,True,0.003654259569059931,0.2,-0.15,0.20365425956905994,-0.14810418952828894,0.0,0.0,0.0,normal
84,84048,85048,1001,9.999999999763531,True,0.00234436807943722,0.2,-0.15,0.19993376491576084,-0.15234436807943721,0.0,0.0,0.0,normal
85,85049,86049,1001,9.999999999763645,False,0.023247418070098003,0.2,-0.15,0.2050547185441343,-0.173247418070098,0.0,0.0,0.0,normal
86,86050,87050,1001,9.999999999763531,True,0.0016387503037681161,0.2,-0.15,0.1983612496962319,-0.14969037079086048,0.0,0.0,0.0,normal
87,87051,88051,1001,9.999999999763531,True,0.002520923311242429,0.2,-0.15,0.20252092331124244,-0.15184742133841586,0.0,0.0,0.0,normal
88,88052,89052,1001,9.999999999763531,True,0.0060512572799860664,0.2,-0.15,0.20053260432289474,-0.15605125727998606,0.0,0.0,0.0,normal
89,89053,90053,1001,9.999999999763531,True,0.0035494108008791436,0.2,-0.15,0.19861624547136972,-0.14645058919912085,0.0,0.0,0.0,normal
90,90054,91054,1001,9.999999999763531,True,0.0037115842665123577,0.2,-0.15,0.19628841573348765,-0.15365160461774172,0.0,0.0,0.0,normal
91,91055,92055,1001,9.999999999763531,True,0.01044404615395289,0.2,-0.15,0.2104440461539529,-0.14719207570131976,0.0,0.0,0.0,normal
92,92056,93056,1001,9.999999999763531,False,0.326015120944106,0.2,-0.15,0.2847219278247392,0.17601512094410598,0.0,0.0,0.0,normal
93,93057,94057,1001,9.999999999763531,True,0.014586864952470663,0.2,-0.15,0.20944159744457197,-0.16458686495247066,0.0,0.0,0.0,normal
94,94058,95058,1001,9.999999999763531,True,0.007281485262506715,0.2,-0.15,0.19465243121772186,-0.1572814852625067,0.0,0.0,0.0,normal
95,95059,96059,1001,9.999999999763531,True,0.0036561082582743376,0.2,-0.15,0.19992807001303414,-0.14634389174172566,0.0,0.0,0.0,normal
96,96060,97060,1001,9.999999999763531,True,0.009668606399853119,0.2,-0.15,0.2039275488253801,-0.1596686063998531,0.0,0.0,0.0,normal
97,97061,98061,1001,9.999999999763531,True,0.008767883235556717,0.2,-0.15,0.20876788323555673,-0.1420570759529744,0.0,0.0,0.0,normal
98,98062,99062,1001,9.999999999763531,True,0.009217332644724074,0.2,-0.15,0.20163600969129306,-0.15921733264472407,0.0,0.0,0.0,normal
99,99063,100063,1001,9.999999999763531,True,0.015436514942002266,0.2,-0.15,0.21543651494200228,-0.16011900236823493,0.0,0.0,0.0,normal
100,100064,101064,1001,9.999999999763531,True,0.006482500750267017,0.2,-0.15,0.20648250075026703,-0.14896181689133126,0.0,0.0,0.030710637503757132,brightness_only
101,101065,102065,1001,9.999999999763531,True,0.0011777372622565063,0.2,-0.15,0.20117773726225652,-0.1503397637929842,0.0,0.6356370851276475,0.0,blur_only
102,102066,103066,1001,9.999999999763531,False,0.11399015048593605,0.2,-0.15,0.17295108299494535,-0.03600984951406394,0.0,0.0,0.76095140123587,brightness_only
103,103067,104067,1001,9.999999999763531,False,0.08047426669277614,0.2,-0.15,0.1978424981569566,-0.06952573330722385,0.11933596317065887,0.0,0.0,noise_only
104,104068,105068,1001,9.999999999763531,False,0.10089962839758781,0.2,-0.15,0.3008996283975878,-0.06346114646325518,0.5970570545429553,0.0,0.0,noise_only
105,105069,106069,1001,9.999999999763531,False,0.02188758109199135,0.2,-0.15,0.19963492536224953,-0.17188758109199134,0.0,0.0,0.5644091548454513,brightness_only
106,106070,107070,1001,9.999999999763531,False,0.055049195179681654,0.2,-0.15,0.22894305407109866,-0.09495080482031834,0.0,0.5671991275104075,0.0,blur_only
107,107071,108071,1001,9.999999999763531,True,0.013816188715741584,0.2,-0.15,0.2070724398147603,-0.16381618871574158,0.0,0.20829694059512993,0.0,blur_only
108,108072,109072,1001,9.999999999763531,False,0.020653871568995813,0.2,-0.15,0.2162162397403197,-0.1706538715689958,0.0,0.0,0.6745700409895592,brightness_only
109,109073,110073,1001,9.999999999763531,False,0.11643399159620887,0.2,-0.15,0.27066322495650386,-0.03356600840379112,0.0,0.6534504464903802,0.0,blur_only
110,110074,111074,1001,9.999999999763531,False,0.2359604041848143,0.2,-0.15,0.26550712840881674,0.08596040418481428,0.0,0.8709744258919468,0.0,blur_only
111,111075,112075,1001,9.999999999763531,False,0.07311041065665878,0.2,-0.15,0.2633508619929606,-0.07688958934334121,0.42129421785503374,0.0,0.0,noise_only
112,112076,113076,1001,9.999999999763531,False,0.14707956752014553,0.2,-0.15,0.1264089476662052,-0.0029204324798544614,0.9979176365704129,0.0,0.0,noise_only
113,113077,114077,1001,9.999999999763531,False,0.24453939749835213,0.2,-0.15,0.2722543846181264,0.09453939749835212,0.8200711889300215,0.0,0.0,noise_only
114,114078,115078,1001,9.999999999763531,True,0.005479276771825775,0.2,-0.15,0.19452072322817424,-0.14599135285440332,0.0,0.704757779555924,0.0,blur_only
115,115079,116079,1001,9.999999999763531,False,0.19393662534252049,0.2,-0.15,0.2592116400185718,0.04393662534252049,0.2041341370276173,0.0,0.0,noise_only
116,116080,117080,1001,9.999999999763531,True,0.004219467389394049,0.2,-0.15,0.2041735403448651,-0.15421946738939404,0.0,0.0,0.1055162517605317,brightness_only
117,117081,118081,1001,9.999999999763531,False,0.06306788124604999,0.2,-0.15,0.19163612725411894,-0.08693211875395,0.48667245424336014,0.0,0.0,noise_only
118,118082,119082,1001,9.999999999763531,True,0.0024358344506070773,0.2,-0.15,0.2024358344506071,-0.148037255292647,0.0,0.3700445514875915,0.0,blur_only
119,119083,120083,1001,9.999999999763531,True,0.010494473694245915,0.2,-0.15,0.21049447369424593,-0.15013012054661878,0.0,0.0,0.8603579090828851,brightness_only
120,120084,121084,1001,9.999999999763531,False,0.2732203288420627,0.2,-0.15,0.19940519984231767,0.12322032884206272,0.0,0.6513742900685143,0.0,blur_only
121,121085,122085,1001,9.999999999763531,True,0.01083003374820865,0.2,-0.15,0.203054872046082,-0.13916996625179134,0.0,0.0,0.046599442220970566,brightness_only
122,122086,123086,1001,9.999999999763531,False,0.2665514485561859,0.2,-0.15,0.19726466106670082,0.1165514485561859,0.808445478878609,0.0,0.0,noise_only
123,123087,124087,1001,9.999999999763531,True,0.01160686986488485,0.2,-0.15,0.21160686986488486,-0.1601153197182207,0.0,0.0,0.34640370040585844,brightness_only
124,124088,125088,1001,9.999999999763531,False,0.06311161613585528,0.2,-0.15,0.25810272237294873,-0.08688838386414471,0.0,0.7398175114694773,0.0,blur_only
125,125089,126089,1001,9.999999999763531,True,0.01095940235911741,0.2,-0.15,0.20025271968790603,-0.13904059764088258,0.0,0.47642158800615186,0.0,blur_only
126,126090,127090,1001,9.999999999763531,False,0.2962407640694153,0.2,-0.15,0.20693061726668124,0.1462407640694153,0.0,0.27553474574837056,0.0,blur_only
127,127091,128091,1001,9.999999999763531,True,0.006145498613027822,0.2,-0.15,0.1974456841902887,-0.15614549861302782,0.0,0.5943631434260257,0.0,blur_only
128,128092,129092,1001,9.999999999763531,True,0.016323193505091288,0.2,-0.15,0.20367575811739325,-0.16632319350509128,0.08181512667413049,0.0,0.0,noise_only
129,129093,130093,1001,9.999999999763531,True,0.01900064074183741,0.2,-0.15,0.19835332303785957,-0.1690006407418374,0.0,0.2508912155480737,0.0,blur_only
130,130094,131094,1001,9.999999999763531,False,0.17137434603403418,0.2,-0.15,0.28768485988209663,0.02137434603403419,0.0,0.9515960611819099,0.0,blur_only
131,131095,132095,1001,9.999999999763531,False,0.048948019385380626,0.2,-0.15,0.24894801938538064,-0.14853163287980584,0.1337839427558064,0.0,0.0,noise_only
132,132096,133096,1001,9.999999999763531,False,0.2024705777470428,0.2,-0.15,0.27085103616214945,0.05247057774704279,0.0,0.9263459783717957,0.0,blur_only
133,133097,134097,1001,9.999999999763531,False,0.19340260709100085,0.2,-0.15,0.2937945820530345,0.043402607091000855,0.0,0.9489143438038051,0.0,blur_only
134,134098,135098,1001,9.999999999763531,False,0.10482033547450954,0.2,-0.15,0.2853682108633587,-0.04517966452549045,0.0,0.808431255093166,0.0,blur_only
135,135099,136099,1001,9.999999999763531,True,0.01623669908625819,0.2,-0.15,0.20315044654150635,-0.16623669908625818,0.0,0.2811269949952597,0.0,blur_only
136,136100,137100,1001,9.999999999763531,False,0.24179982420677149,0.2,-0.15,0.2746203849104435,0.09179982420677148,0.0,0.8424164858729495,0.0,blur_only
137,137101,138101,1001,9.999999999763531,False,0.05632565871661341,0.2,-0.15,0.2190391615726013,-0.09367434128338659,0.20710619265387287,0.0,0.0,noise_only
138,138102,139102,1001,9.999999999763531,False,0.2333168862300818,0.2,-0.15,0.2755061122186739,0.08331688623008181,0.5568874220837863,0.0,0.0,noise_only
139,139103,140103,1001,9.999999999763531,True,0.0034614140743041144,0.2,-0.15,0.20346141407430413,-0.14853276536894902,0.0,0.0,0.8406990269455284,brightness_only
140,140104,141104,1001,9.999999999763531,False,0.06826868084583387,0.2,-0.15,0.2682686808458339,-0.19917371803048292,0.5493117981084601,0.0,0.0,noise_only
141,141105,142105,1001,9.999999999763531,False,0.09109448512889194,0.2,-0.15,0.2298228831840124,-0.05890551487110805,0.2899984290970866,0.0,0.0,noise_only
142,142106,143106,1001,9.999999999763531,True,0.012868008043395801,0.2,-0.15,0.2128680080433958,-0.1426354101708853,0.30795685257927674,0.0,0.0,noise_only
143,143107,144107,1001,9.999999999763531,False,0.13041008956226263,0.2,-0.15,0.17714252627645546,-0.01958991043773737,0.0,0.38640101122151094,0.0,blur_only
144,144108,145108,1001,9.999999999763531,True,0.013056314897670618,0.2,-0.15,0.21305631489767063,-0.1410387377681938,0.0,0.42787445616104625,0.0,blur_only
145,145109,146109,1001,9.999999999763531,False,0.06088600120501925,0.2,-0.15,0.24291136493572657,-0.08911399879498075,0.331625786322574,0.0,0.0,noise_only
146,146110,147110,1001,9.999999999763531,True,0.007935606181955712,0.2,-0.15,0.20793560618195572,-0.1576405781708023,0.0,0.0,0.9740143753600323,brightness_only
147,147111,148111,1001,9.999999999763531,False,0.1526513758746685,0.2,-0.15,0.2007983945853611,0.0026513758746685235,0.0,0.47171694242933215,0.0,blur_only
148,148112,149112,1001,9.999999999763531,True,0.0010766326686401095,0.2,-0.15,0.19958458748460903,-0.1510766326686401,0.0,0.0,0.29656178072482375,brightness_only
149,149113,150113,1001,9.999999999763531,True,0.009050167015179494,0.2,-0.15,0.2090501670151795,-0.15227758763790125,0.0,0.4805725313832656,0.0,blur_only
150,150114,151114,1001,9.999999999763531,False,0.19444429001067112,0.2,-0.15,0.20341215644542265,0.04444429001067113,0.9647086204964187,0.0,0.0,noise_only
151,151115,152115,1001,9.999999999763531,True,0.010484278136707326,0.2,-0.15,0.20913162304876828,-0.13951572186329267,0.0,0.0,0.44497707697959243,brightness_only
152,152116,153116,1001,9.999999999763531,True,0.0015289562743389107,0.2,-0.15,0.2013111801656942,-0.1515289562743389,0.0,0.0,0.09770911595772147,brightness_only
153,153117,154117,1001,9.999999999763531,True,0.012290101566512696,0.2,-0.15,0.20468425975282584,-0.1622901015665127,0.0,0.0,0.20129966441573677,brightness_only
154,154118,155118,1001,9.999999999763531,True,0.009223781656463176,0.2,-0.15,0.2092237816564632,-0.15618208737504186,0.0,0.0,0.04518154713314071,brightness_only
155,155119,156119,1001,9.999999999763531,True,0.01795347100052222,0.2,-0.15,0.21367659528057686,-0.16795347100052221,0.0,0.0,0.32175298453908185,brightness_only
156,156120,157120,1001,9.999999999763531,True,0.007073113444423712,0.2,-0.15,0.20707311344442372,-0.14650211152075993,0.0,0.7112716837552956,0.0,blur_only
157,157121,158121,1001,9.999999999763531,False,0.2551879911336382,0.2,-0.15,0.3015242629485047,0.10518799113363825,0.6711443885650822,0.0,0.0,noise_only
158,158122,159122,1001,9.999999999763531,False,0.10365635092220164,0.2,-0.15,0.26926028351661635,-0.04634364907779835,0.9316028133957093,0.0,0.0,noise_only
159,159123,160123,1001,9.999999999763531,False,0.2027395577511332,0.2,-0.15,0.2806287783141667,0.05273955775113321,0.0,0.7301073438905674,0.0,blur_only
160,160124,161124,1001,9.999999999763531,True,0.007564016928181372,0.2,-0.15,0.20756401692818138,-0.15010302318416166,0.0,0.0,0.4074611969571431,brightness_only
161,161125,162125,1001,9.999999999763531,False,0.16951902476995676,0.2,-0.15,0.20000414159210964,0.019519024769956754,0.0,0.43269892715338,0.0,blur_only
162,162126,163126,1001,9.999999999763531,False,0.28029517765688855,0.2,-0.15,0.21500464608641845,0.13029517765688856,0.0,0.2422852472865129,0.0,blur_only
163,163127,164127,1001,9.999999999763531,True,0.009913245634529139,0.2,-0.15,0.20991324563452915,-0.1527790124031602,0.0,0.004557889929713177,0.0,blur_only
164,164128,165128,1001,9.999999999763531,True,0.010571458650708826,0.2,-0.15,0.2087444069171918,-0.16057145865070882,0.0,0.0,0.47819123106167405,brightness_only
165,165129,166129,1001,9.999999999763531,False,0.05827730697855346,0.2,-0.15,0.19301028039395485,-0.09172269302144653,0.9874547285461914,0.0,0.0,noise_only
166,166130,167130,1001,9.999999999763531,False,0.249167750989345,0.2,-0.15,0.2309148997431315,0.099167750989345,0.0,0.0,0.9268472668130713,brightness_only
167,167131,168131,1001,9.999999999763531,False,0.23516579976068985,0.2,-0.15,0.2184287175360408,0.08516579976068986,0.8633259714213263,0.0,0.0,noise_only
168,168132,169132,1001,9.999999999763531,True,0.008821284838822857,0.2,-0.15,0.20882128483882287,-0.14873475162708802,0.0,0.13541843362577977,0.0,blur_only
169,169133,170133,1001,9.999999999763531,False,0.1819824489194625,0.2,-0.15,0.27309370113034254,0.0319824489194625,0.0,0.8226004345462933,0.0,blur_only
170,170134,171134,1001,9.999999999763531,True,0.013660426833800254,0.2,-0.15,0.20798074245779796,-0.16366042683380025,0.0,0.3428398578518179,0.0,blur_only
171,171135,172135,1001,9.999999999763531,True,0.012329630077491521,0.2,-0.15,0.19629216941973684,-0.13767036992250847,0.0,0.0,0.6095906419922158,brightness_only
172,172136,173136,1001,9.999999999763531,False,0.08054325628964343,0.2,-0.15,0.28054325628964344,-0.15932160700821155,0.9376420214149805,0.0,0.0,noise_only
173,173137,174137,1001,9.999999999763531,False,0.29608968624952486,0.2,-0.15,0.18484564802561843,0.14608968624952487,0.0,0.57178071819045,0.0,blur_only
174,174138,175138,1001,9.999999999763531,True,0.01002998278698991,0.2,-0.15,0.21002998278698992,-0.1540130769662714,0.0,0.0,0.05717513347518699,brightness_only
175,175139,176139,1001,9.999999999763531,False,0.2872206579233982,0.2,-0.15,0.1805858025033438,0.1372206579233982,0.0,0.0,0.26725702563137865,brightness_only
176,176140,177140,1001,9.999999999763531,False,0.12994067819475436,0.2,-0.15,0.24156036652461474,-0.020059321805245653,0.0,0.46907280827664677,0.0,blur_only
177,177141,178141,1001,9.999999999763531,False,0.22724221695821306,0.2,-0.15,0.19949324243652305,0.07724221695821305,0.15443924293689393,0.0,0.0,noise_only
178,178142,179142,1001,9.999999999763531,True,0.011178217937470036,0.2,-0.15,0.21117821793747005,-0.14971240796871566,0.0,0.0,0.47399005760412916,brightness_only
179,179143,180143,1001,9.999999999763531,False,0.021483945490262113,0.2,-0.15,0.20123143336295965,-0.1714839454902621,0.1387284749417398,0.0,0.0,noise_only
180,180144,181144,1001,9.999999999763531,True,0.009197928217415052,0.2,-0.15,0.2065625656409681,-0.15919792821741505,0.0,0.0,0.4629389668688718,brightness_only
181,181145,182145,1001,9.999999999763531,True,0.002507792473465692,0.2,-0.15,0.2025077924734657,-0.14804575492328179,0.0,0.0413301336178028,0.0,blur_only
182,182146,183146,1001,9.999999999763531,True,0.006405983069777105,0.2,-0.15,0.20640598306977712,-0.14549387673572278,0.0,0.0,0.531404282078336,brightness_only
183,183147,184147,1001,9.999999999763531,False,0.07689642580020856,0.2,-0.15,0.27689642580020857,-0.13628375902082687,0.4826302684538071,0.0,0.0,noise_only
184,184148,185148,1001,9.999999999763531,False,0.2707526105619367,0.2,-0.15,0.29258148143364904,0.12075261056193672,0.0,0.0,0.2558490451462403,brightness_only
185,185149,186149,1001,9.999999999763531,True,0.01113282265194579,0.2,-0.15,0.2111328226519458,-0.1454414445321084,0.2913105072957951,0.0,0.0,noise_only
186,186150,187150,1001,9.999999999763531,False,0.14089955642159938,0.2,-0.15,0.283172300740304,-0.009100443578400622,0.0,0.6844550298900793,0.0,blur_only
187,187151,188151,1001,9.999999999763531,False,0.2191023975051354,0.2,-0.15,0.20420965600102364,0.06910239750513542,0.5739397347941669,0.0,0.0,noise_only
188,188152,189152,1001,9.999999999763531,True,0.016039685319629654,0.2,-0.15,0.21603968531962967,-0.1482970029357945,0.0,0.0,0.6544271873680789,brightness_only
189,189153,190153,1001,9.999999999763531,True,0.014635532634754755,0.2,-0.15,0.21463553263475477,-0.15604273944795627,0.0,0.02650507514728495,0.0,blur_only
190,190154,191154,1001,9.999999999763531,True,0.005482157373503799,0.2,-0.15,0.2054821573735038,-0.15530126138108263,0.0,0.07990645913154837,0.0,blur_only
191,191155,192155,1001,9.999999999763531,False,0.2216180109969236,0.2,-0.15,0.21058256215505902,0.07161801099692361,0.9280048771829302,0.0,0.0,noise_only
192,192156,193156,1001,9.999999999763531,False,0.11953335579846558,0.2,-0.15,0.3195333557984656,-0.04405423141823334,0.6574710039726727,0.0,0.0,noise_only
193,193157,194157,1001,9.999999999763531,False,0.12757703212536362,0.2,-0.15,0.1875427318618896,-0.02242296787463638,0.0,0.0,0.8626568956639046,brightness_only
194,194158,195158,1001,9.999999999763531,False,0.10670575142177251,0.2,-0.15,0.19770504945916773,-0.04329424857822749,0.838333968133249,0.0,0.0,noise_only
195,195159,196159,1001,9.999999999763531,True,0.018116733509789484,0.2,-0.15,0.2114610946326889,-0.16811673350978948,0.0,0.0,0.5199300497042478,brightness_only
196,196160,197160,1001,9.999999999763531,True,0.005172144134050177,0.2,-0.15,0.19962179832573876,-0.15517214413405017,0.0,0.0,0.10773834728354115,brightness_only
197,197161,198161,1001,9.999999999763531,True,0.0032421452269084383,0.2,-0.15,0.20324214522690845,-0.14957252416024908,0.0,0.0,0.16130975228993272,brightness_only
198,198162,199162,1001,9.999999999763531,False,0.1206056616891605,0.2,-0.15,0.2844308070767971,-0.0293943383108395,0.0,0.7938037789369424,0.0,blur_only
199,199163,200163,1001,9.999999999763531,False,0.2551427238257112,0.2,-0.15,0.19062212574082718,0.10514272382571119,0.0,0.27648118010667844,0.0,blur_only
200,200164,201164,1001,9.999999999763531,False,0.09742144018240487,0.2,-0.15,0.2835875046752262,-0.05257855981759513,0.0,0.6814264717786921,0.0,blur_only
201,201165,202165,1001,9.999999999763531,True,0.01326212927134146,0.2,-0.15,0.21326212927134147,-0.1444128460794657,0.0,0.0,0.02090551443758315,brightness_only
202,202166,203166,1001,9.999999999763531,False,0.22912009674051897,0.2,-0.15,0.30729081111654,0.07912009674051897,0.5494872903016643,0.0,0.0,noise_only
203,203167,204167,1001,9.999999999763531,False,0.08069612003573859,0.2,-0.15,0.2806464677536947,-0.0693038799642614,0.0,0.8080016350527319,0.0,blur_only
204,204168,205168,1001,9.999999999763531,True,0.012219440437405221,0.2,-0.15,0.21221944043740523,-0.14185857303903363,0.0,0.0,0.4432181425517462,brightness_only
205,205169,206169,1001,9.999999999763531,False,0.09529767771626113,0.2,-0.15,0.29529767771626114,-0.08121042754482136,0.40135756262809263,0.0,0.0,noise_only
206,206170,207170,1001,9.999999999763531,True,0.015136425020029959,0.2,-0.15,0.21513642502002997,-0.15427022318218964,0.0,0.9922920177873217,0.0,blur_only
207,207171,208171,1001,9.999999999763531,True,0.00849325812076221,0.2,-0.15,0.20849325812076222,-0.156821403082746,0.0,0.0,0.8295043102993686,brightness_only
208,208172,209172,1001,9.999999999763531,True,0.01375727039132596,0.2,-0.15,0.19144855272632638,-0.13624272960867403,0.0,0.0,0.3029740758123398,brightness_only
209,209173,210173,1001,9.999999999763531,True,0.01620056518708407,0.2,-0.15,0.21620056518708408,-0.14993195727860972,0.0,0.0,0.6400415082769879,brightness_only
210,210174,211174,1001,9.999999999763531,False,0.16792546828642024,0.2,-0.15,0.2271342121482108,0.01792546828642025,0.1784812353727715,0.0,0.0,noise_only
211,211175,212175,1001,9.999999999763531,True,0.006360623166138807,0.2,-0.15,0.20636062316613882,-0.15075598786481628,0.0,0.0,0.5571826643426009,brightness_only
212,212176,213176,1001,9.999999999763531,False,0.060048525066770886,0.2,-0.15,0.2600485250667709,-0.1387490550237853,0.0,0.0,0.7388774896315169,brightness_only
213,213177,214177,1001,9.999999999763531,True,0.018648684407240795,0.2,-0.15,0.20966266296679115,-0.1686486844072408,0.0,0.0,0.22420098554728662,brightness_only
214,214178,215178,1001,9.999999999763531,False,0.1468510072198787,0.2,-0.15,0.19213627033439756,-0.0031489927801212846,0.0,0.49136582864594414,0.0,blur_only
215,215179,216179,1001,9.999999999763531,True,0.007466609363921545,0.2,-0.15,0.20746660936392156,-0.1548665086207626,0.0,0.053635297740420196,0.0,blur_only
216,216180,217180,1001,9.999999999763531,True,0.01887583015559502,0.2,-0.15,0.21887583015559503,-0.15478384182033172,0.09784450389090005,0.0,0.0,noise_only
217,217181,218181,1001,9.999999999763531,False,0.23398977713366664,0.2,-0.15,0.29170989360613964,0.08398977713366666,0.0,0.9100286581680586,0.0,blur_only
218,218182,219182,1001,9.999999999763531,True,0.005004252734700038,0.2,-0.15,0.19499574726529997,-0.15207309952832884,0.0777795151663686,0.0,0.0,noise_only
219,219183,220183,1001,9.999999999763531,False,0.2201256696525826,0.2,-0.15,0.25691989163361395,0.0701256696525826,0.5341142394987552,0.0,0.0,noise_only
220,220184,221184,1001,9.999999999763531,False,0.055321139240329775,0.2,-0.15,0.2553211392403298,-0.1511469375605671,0.8050638661725688,0.0,0.0,noise_only
221,221185,222185,1001,9.999999999763531,True,0.00106779561617662,0.2,-0.15,0.1992055057194079,-0.15106779561617661,0.0,0.42684688850460517,0.0,blur_only
222,222186,223186,1001,9.999999999763531,True,0.010427351582895372,0.2,-0.15,0.19952013824520387,-0.13957264841710462,0.0,0.0,0.822337261710006,brightness_only
223,223187,224187,1001,9.999999999763531,False,0.203021076445352,0.2,-0.15,0.20755879044121323,0.053021076445352006,0.0,0.4049302638037764,0.0,blur_only
224,224188,225188,1001,9.999999999763531,False,0.10901731185702547,0.2,-0.15,0.20482286836547406,-0.040982688142974524,0.2845310350023864,0.0,0.0,noise_only
225,225189,226189,1001,9.999999999763531,True,0.0037297485683618903,0.2,-0.15,0.20190664880417603,-0.15372974856836188,0.0,0.27832474972267607,0.0,blur_only
226,226190,227190,1001,9.999999999763531,True,0.011387510703381537,0.2,-0.15,0.21138751070338155,-0.15546773608051506,0.11981144238830166,0.0,0.0,noise_only
227,227191,228191,1001,9.999999999763531,True,0.006375204387791683,0.2,-0.15,0.20371936800689114,-0.15637520438779168,0.0,0.0,0.30123987178169853,brightness_only
228,228192,229192,1001,9.999999999763531,False,0.12665318969506686,0.2,-0.15,0.18289165914079994,-0.023346810304933123,0.0,0.38299977248697203,0.0,blur_only
229,229193,230193,1001,9.999999999763531,True,0.009665961345017432,0.2,-0.15,0.20966596134501744,-0.15209260163802504,0.0,0.0,0.9306199133071782,brightness_only
230,230194,231194,1001,9.999999999763531,True,0.009635341961977656,0.2,-0.15,0.20539272165782252,-0.14036465803802234,0.0,0.0,0.5820243263224063,brightness_only
231,231195,232195,1001,9.999999999763531,True,0.018296496776910004,0.2,-0.15,0.21829649677691002,-0.15344052861767948,0.0,0.9014569601851458,0.0,blur_only
232,232196,233196,1001,9.999999999763531,False,0.14697783610685328,0.2,-0.15,0.31519368386045366,-0.0030221638931467038,0.496285264655547,0.0,0.0,noise_only
233,233197,234197,1001,9.999999999763531,False,0.0700834011802941,0.2,-0.15,0.2700834011802941,-0.1424925948957026,0.8533820297797174,0.0,0.0,noise_only
234,234198,235198,1001,9.999999999763531,False,0.026809012612944383,0.2,-0.15,0.2268090126129444,-0.14459595875833364,0.1974616358961987,0.0,0.0,noise_only
235,235199,236199,1001,9.999999999763531,True,0.004656527560168516,0.2,-0.15,0.20465652756016853,-0.1515633277162324,0.0,0.33833018843481444,0.0,blur_only
236,236200,237200,1001,9.999999999763531,False,0.045121329338312255,0.2,-0.15,0.19780081021610219,-0.19512132933831225,0.0,0.0,0.4285424612098374,brightness_only
237,237201,238201,1001,9.999999999763531,False,0.04278660154873054,0.2,-0.15,0.24278660154873055,-0.17064141440849345,0.6733040582734485,0.0,0.0,noise_only
238,238202,239202,1001,9.999999999763531,False,0.07702605592965749,0.2,-0.15,0.22272916713902058,-0.07297394407034251,0.0,0.0,0.6522688167355635,brightness_only
239,239203,240203,1001,9.999999999763531,False,0.18199051989583168,0.2,-0.15,0.22737217955739372,0.03199051989583168,0.0,0.9935949731795087,0.0,blur_only
240,240204,241204,1001,9.999999999763531,True,0.014720826627704242,0.2,-0.15,0.2066331582200323,-0.16472082662770424,0.9291209131318614,0.0,0.0,noise_only
241,241205,242205,1001,9.999999999763531,False,0.21537251336836302,0.2,-0.15,0.2622019098162082,0.06537251336836303,0.0,0.9626205583499151,0.0,blur_only
242,242206,243206,1001,9.999999999763531,False,0.2751546391735245,0.2,-0.15,0.26725929524208564,0.1251546391735245,0.0,0.46992043253680504,0.0,blur_only
243,243207,244207,1001,9.999999999763531,False,0.2401898577571265,0.2,-0.15,0.1892011137392324,0.09018985775712651,0.0,0.5990837558680098,0.0,blur_only
244,244208,245208,1001,9.999999999763531,True,0.011781693030794682,0.2,-0.15,0.20438982847868625,-0.16178169303079468,0.0,0.0,0.6857998517728551,brightness_only
245,245209,246209,1001,9.999999999763531,False,0.06930569370221243,0.2,-0.15,0.19611358902910997,-0.08069430629778757,0.2774365191598449,0.0,0.0,noise_only
246,246210,247210,1001,9.999999999763531,False,0.134791202926127,0.2,-0.15,0.2696748466589883,-0.015208797073873001,0.0,0.6220640158852315,0.0,blur_only
247,247211,248211,1001,9.999999999763531,True,0.002986971658435672,0.2,-0.15,0.20298697165843568,-0.14729947305527819,0.0,0.0,0.23723966710674282,brightness_only
248,248212,249212,1001,9.999999999763531,True,0.004379884827003577,0.2,-0.15,0.19562011517299643,-0.15038303645193452,0.0,0.0,0.3248497329714497,brightness_only
249,249213,250213,1001,9.999999999763531,False,0.06770329408054539,0.2,-0.15,0.26143209531832445,-0.08229670591945461,0.0,0.8781352776417047,0.0,blur_only
250,250214,251214,1001,9.999999999763531,False,0.03530296128782684,0.2,-0.15,0.23530296128782685,-0.16142915709899927,0.6551176169120493,0.0,0.0,noise_only
251,251215,252215,1001,9.999999999763531,True,0.013280045714633926,0.2,-0.15,0.21328004571463394,-0.14579183711923127,0.0,0.011838934482901742,0.0,blur_only
252,252216,253216,1001,9.999999999763531,True,0.015937027799044712,0.2,-0.15,0.21593702779904472,-0.15915502760107514,0.0,0.0,0.21611502109390213,brightness_only
253,253217,254217,1001,9.999999999763531,False,0.21670875972241307,0.2,-0.15,0.26758862572595377,0.06670875972241308,0.0,0.26532371154671075,0.0,blur_only
254,254218,255218,1001,9.999999999763531,True,0.007791470496229941,0.2,-0.15,0.20779147049622995,-0.14763134376295659,0.0,0.8513791542614267,0.0,blur_only
255,255219,256219,1001,9.999999999763531,True,0.007403855827980366,0.2,-0.15,0.19259614417201965,-0.15334598065818977,0.0,0.0,0.040093338918197996,brightness_only
256,256220,257220,1001,9.999999999763531,False,0.12900462051683614,0.2,-0.15,0.23987105560337743,-0.020995379483163858,0.0,0.949343945740205,0.0,blur_only
257,257221,258221,1001,9.999999999763531,True,0.005141941001189171,0.2,-0.15,0.20514194100118918,-0.15189319222594402,0.0,0.0,0.11395376964313753,brightness_only
258,258222,259222,1001,9.999999999763531,False,0.14412540301552368,0.2,-0.15,0.26947270252242544,-0.005874596984476327,0.0,0.0,0.8514900400663238,brightness_only
259,259223,260223,1001,9.999999999763531,True,0.018593477106912587,0.2,-0.15,0.2185934771069126,-0.14113201773166037,0.0,0.0,0.543791143074819,brightness_only
260,260224,261224,1001,9.999999999763531,False,0.024213606653206265,0.2,-0.15,0.2116475808778268,-0.17421360665320626,0.0,0.41283737705542456,0.0,blur_only
261,261225,262225,1001,9.999999999763531,False,0.28120737018055364,0.2,-0.15,0.2776189601800934,0.13120737018055362,0.5306175167763025,0.0,0.0,noise_only
262,262226,263226,1001,9.999999999763531,True,0.010406534413345214,0.2,-0.15,0.2004233488159064,-0.13959346558665478,0.0,0.0,0.5468744689990426,brightness_only
263,263227,264227,1001,9.999999999763531,False,0.2820117955056553,0.2,-0.15,0.21307830594397162,0.1320117955056553,0.0,0.9883636441376823,0.0,blur_only
264,264228,265228,1001,9.999999999763531,False,0.0211536459692567,0.2,-0.15,0.2211536459692567,-0.16509541932288951,0.12460448152211068,0.0,0.0,noise_only
265,265229,266229,1001,9.999999999763531,False,0.12598624004926362,0.2,-0.15,0.21148651119915418,-0.02401375995073637,0.2773330679257612,0.0,0.0,noise_only
266,266230,267230,1001,9.999999999763531,False,0.0491289751319392,0.2,-0.15,0.22822251954385997,-0.1008710248680608,0.7776458633659209,0.0,0.0,noise_only
267,267231,268231,1001,9.999999999763531,False,0.1347017189765266,0.2,-0.15,0.23667308985858876,-0.015298281023473387,0.3786461535956649,0.0,0.0,noise_only
268,268232,269232,1001,9.999999999763531,False,0.2736351526591665,0.2,-0.15,0.19425514153296952,0.12363515265916647,0.0,0.0,0.7031550296239453,brightness_only
269,269233,270233,1001,9.999999999763531,True,0.012877063283829648,0.2,-0.15,0.21287706328382966,-0.15134683536205226,0.05972609012363039,0.0,0.0,noise_only
270,270234,271234,1001,9.999999999763531,True,0.014351235355008235,0.2,-0.15,0.21435123535500825,-0.1576205098569328,0.24845580739838158,0.0,0.0,noise_only
271,271235,272235,1001,9.999999999763531,True,0.004114582972979425,0.2,-0.15,0.19774876981322087,-0.15411458297297942,0.0,0.0,0.27347933745352293,brightness_only
272,272236,273236,1001,9.999999999763531,False,0.16384111321777184,0.2,-0.15,0.26677859191706765,0.013841113217771853,0.9022045625030901,0.0,0.0,noise_only
273,273237,274237,1001,9.999999999763531,True,0.009742383661294762,0.2,-0.15,0.20974238366129477,-0.15877107056629122,0.0,0.6273505137332565,0.0,blur_only
274,274238,275238,1001,9.999999999763531,True,0.0027839665029316396,0.2,-0.15,0.20010742072076446,-0.14721603349706835,0.0,0.0,0.8732368310664946,brightness_only
275,275239,276239,1001,9.999999999763531,False,0.20633984922698212,0.2,-0.15,0.2578990340327293,0.05633984922698211,0.0,0.0,0.705923511027534,brightness_only
276,276240,277240,1001,9.999999999763531,True,0.019897111294792214,0.2,-0.15,0.21845095459833544,-0.1698971112947922,0.7232909146830586,0.0,0.0,noise_only
277,277241,278241,1001,9.999999999763531,True,0.003475390202215045,0.2,-0.15,0.20261229276555923,-0.15347539020221504,0.0,0.0,0.29087651820901983,brightness_only
278,278242,279242,1001,9.999999999763531,True,0.004940499350997107,0.2,-0.15,0.20494049935099712,-0.1474573805058807,0.0,0.0,0.1768227383513734,brightness_only
279,279243,280243,1001,9.999999999763531,True,0.0016566003425521891,0.2,-0.15,0.2003311351701927,-0.1483433996574478,0.0,0.0,0.15649281328625453,brightness_only
280,280244,281244,1001,9.999999999763531,True,0.010720055696991415,0.2,-0.15,0.1892799443030086,-0.1505123657991901,0.0,0.0,0.6967514720429778,brightness_only
281,281245,282245,1001,9.999999999763531,False,0.038383477364232615,0.2,-0.15,0.23517611363473018,-0.1883834773642326,0.0,0.0,0.807718942906825,brightness_only
282,282246,283246,1001,9.999999999763531,False,0.04761821714701231,0.2,-0.15,0.22898873616065016,-0.10238178285298768,0.43163151459589233,0.0,0.0,noise_only
283,283247,284247,1001,9.999999999763531,True,0.008890300381763389,0.2,-0.15,0.20404048991565799,-0.15889030038176338,0.0,0.0,0.4515264937641902,brightness_only
284,284248,285248,1001,9.999999999763531,True,0.008467060425286443,0.2,-0.15,0.2035855599651412,-0.15846706042528644,0.0,0.014003916259119675,0.0,blur_only
285,285249,286249,1001,9.999999999763531,False,0.13522258644023177,0.2,-0.15,0.33221444590033966,-0.01477741355976823,0.5765404384560257,0.0,0.0,noise_only
286,286250,287250,1001,9.999999999763531,False,0.19992826848596174,0.2,-0.15,0.27500752223982294,0.04992826848596174,0.0,0.9170552801398408,0.0,blur_only
287,287251,288251,1001,9.999999999763531,False,0.22575784105454386,0.2,-0.15,0.2721911078312819,0.07575784105454386,0.0,0.8583921831811446,0.0,blur_only
288,288252,289252,1001,9.999999999763531,True,0.012642120197839779,0.2,-0.15,0.2126421201978398,-0.14559531117220953,0.0,0.0,0.8674888771512218,brightness_only
289,289253,290253,1001,9.999999999763531,False,0.2734011661538266,0.2,-0.15,0.19497721203178872,0.1234011661538266,0.10651433318165038,0.0,0.0,noise_only
290,290254,291254,1001,9.999999999763531,False,0.02119740045870258,0.2,-0.15,0.20249442250217972,-0.17119740045870258,0.0,0.0,0.956852809114588,brightness_only
291,291255,292255,1001,9.999999999763531,True,0.005213504617016612,0.2,-0.15,0.20521350461701662,-0.15252127676904376,0.0,0.48335252887203983,0.0,blur_only
292,292256,293256,1001,9.999999999763531,True,0.009112321744494473,0.2,-0.15,0.2057773507491684,-0.15911232174449447,0.0,0.24064321363661,0.0,blur_only
293,293257,294257,1001,9.999999999763531,False,0.16007267575562079,0.2,-0.15,0.21860301162910148,0.01007267575562078,0.0,0.5693959706877157,0.0,blur_only
294,294258,295258,1001,9.999999999763531,False,0.22922063794438258,0.2,-0.15,0.21850179708765402,0.07922063794438258,0.0,0.9635929097767892,0.0,blur_only
295,295259,296259,1001,9.999999999763531,True,0.013145569563716902,0.2,-0.15,0.2131455695637169,-0.1433444846931556,0.0,0.0,0.5436880961042377,brightness_only
296,296260,297260,1001,9.999999999763531,False,0.09487552893962081,0.2,-0.15,0.2948755289396208,-0.06399903887473722,0.30784372091300805,0.0,0.0,noise_only
297,297261,298261,1001,9.999999999763531,True,0.007967343629386392,0.2,-0.15,0.2079673436293864,-0.14887249435169314,0.0,0.12912536986628698,0.0,blur_only
298,298262,299262,1001,9.999999999763531,True,0.009271586606076243,0.2,-0.15,0.19708104166063434,-0.14072841339392375,0.0,0.0,0.038551113365091094,brightness_only
299,299263,300263,1001,9.999999999763531,True,0.015396088487654225,0.2,-0.15,0.20842417592345525,-0.16539608848765422,0.0,0.0,0.9144861124489543,brightness_only
300,300264,301264,1001,9.999999999763531,False,0.27722955433517,0.2,-0.15,0.2589121461458272,0.12722955433517,0.0,0.2997213497241261,0.0,blur_only
301,301265,302265,1001,9.999999999763531,False,0.25425516865362535,0.2,-0.15,0.25630204014893276,0.10425516865362537,0.0,0.0,0.3833635490217745,brightness_only
302,302266,303266,1001,9.999999999763531,False,0.2485673165997243,0.2,-0.15,0.18299764315277695,0.09856731659972431,0.1803264099345253,0.0,0.0,noise_only
303,303267,304267,1001,9.999999999763531,True,0.005116502929749023,0.2,-0.15,0.1966310124867218,-0.14488349707025097,0.0,0.0,0.3838842253019058,brightness_only
304,304268,305268,1001,9.999999999763531,True,0.0037863393879832563,0.2,-0.15,0.20378633938798327,-0.15265491884503948,0.0,0.0,0.43787197542808554,brightness_only
305,305269,306269,1001,9.999999999763531,True,0.009015459458985381,0.2,-0.15,0.2090154594589854,-0.15562476346181933,0.0,0.0,0.48957521069529686,brightness_only
306,306270,307270,1001,9.999999999763531,True,0.016811877603118613,0.2,-0.15,0.21681187760311862,-0.15271341758028006,0.0,0.0,0.07739074308382543,brightness_only
307,307271,308271,1001,9.999999999763531,False,0.24952867316909239,0.2,-0.15,0.27748820882021297,0.09952867316909239,0.6259934053891809,0.0,0.0,noise_only
308,308272,309272,1001,9.999999999763531,True,0.0028867905155701423,0.2,-0.15,0.20104044558337786,-0.15288679051557014,0.0,0.0,0.8417864569655334,brightness_only
309,309273,310273,1001,9.999999999763531,False,0.13685620400319803,0.2,-0.15,0.23005628929724958,-0.013143795996801955,0.0,0.5851209915337481,0.0,blur_only
310,310274,311274,1001,9.999999999763531,True,0.0043385720748349565,0.2,-0.15,0.19799191453422074,-0.15433857207483495,0.0,0.0,0.049791990907854244,brightness_only
311,311275,312275,1001,9.999999999763531,False,0.3076720208564784,0.2,-0.15,0.2572133195699754,0.15767202085647836,0.0,0.7218250526791554,0.0,blur_only
312,312276,313276,1001,9.999999999763531,True,0.006095309129196369,0.2,-0.15,0.20508521494378903,-0.15609530912919636,0.0,0.039045183999824484,0.0,blur_only
313,313277,314277,1001,9.999999999763531,False,0.04673281357790651,0.2,-0.15,0.16829527223837504,-0.1967328135779065,0.0,0.22479164649218497,0.0,blur_only
314,314278,315278,1001,9.999999999763531,False,0.2999421652062859,0.2,-0.15,0.2772248106861646,0.14994216520628592,0.4781592531554374,0.0,0.0,noise_only
315,315279,316279,1001,9.999999999763531,True,0.01933114057120136,0.2,-0.15,0.21933114057120137,-0.14090301166308478,0.0,0.0,0.2172002449115571,brightness_only
316,316280,317280,1001,9.999999999763531,True,0.006184231657590217,0.2,-0.15,0.20618423165759023,-0.14964637767361286,0.0,0.2763881498374978,0.0,blur_only
317,317281,318281,1001,9.999999999763531,False,0.29954254546244574,0.2,-0.15,0.27986725528180334,0.14954254546244575,0.0,0.4416743857583376,0.0,blur_only
318,318282,319282,1001,9.999999999763531,True,0.004404075123543877,0.2,-0.15,0.19559592487645613,-0.14838174978958418,0.0,0.0,0.19309356831221125,brightness_only
319,319283,320283,1001,9.999999999763531,False,0.04770865257789303,0.2,-0.15,0.24770865257789304,-0.12294418783229238,0.8672570471475247,0.0,0.0,noise_only
320,320284,321284,1001,9.999999999763531,True,0.0015748942604234262,0.2,-0.15,0.20093679113958915,-0.15157489426042342,0.0,0.0,0.936669556232592,brightness_only
321,321285,322285,1001,9.999999999763531,False,0.07601210916244222,0.2,-0.15,0.27601210916244223,-0.0955638707867345,0.4842825779408748,0.0,0.0,noise_only
322,322286,323286,1001,9.999999999763531,True,0.005918902909841706,0.2,-0.15,0.20591890290984172,-0.1485152377333084,0.0,0.0,0.6298510780446562,brightness_only
323,323287,324287,1001,9.999999999763531,False,0.16484986186316522,0.2,-0.15,0.2936907401756558,0.014849861863165219,0.0,0.984455457776065,0.0,blur_only
324,324288,325288,1001,9.999999999763531,False,0.0748660225469232,0.2,-0.15,0.2748660225469232,-0.10475460748389358,0.39116995711101465,0.0,0.0,noise_only
325,325289,326289,1001,9.999999999763531,False,0.09015936882631295,0.2,-0.15,0.266874852703171,-0.05984063117368704,0.7529358428051087,0.0,0.0,noise_only
326,326290,327290,1001,9.999999999763531,False,0.2914551012944692,0.2,-0.15,0.18482310103052085,0.14145510129446923,0.0,0.0,0.16573836923968532,brightness_only
327,327291,328291,1001,9.999999999763531,False,0.23184772831932304,0.2,-0.15,0.18994782218975964,0.08184772831932305,0.0,0.7980346645373516,0.0,blur_only
328,328292,329292,1001,9.999999999763531,False,0.2581899338968777,0.2,-0.15,0.19385751060659825,0.10818993389687773,0.0,0.6281700242388257,0.0,blur_only
329,329293,330293,1001,9.999999999763531,True,0.012635097562968128,0.2,-0.15,0.20174699877510874,-0.16263509756296812,0.0,0.0,0.1751141929439487,brightness_only
330,330294,331294,1001,9.999999999763531,False,0.10270371610050555,0.2,-0.15,0.30270371610050556,-0.07163134509762026,0.9113432121024369,0.0,0.0,noise_only
331,331295,332295,1001,9.999999999763531,False,0.06417101978480523,0.2,-0.15,0.18262668114515715,-0.08582898021519476,0.0,0.37713523297217033,0.0,blur_only
332,332296,333296,1001,9.999999999763531,True,0.01087046422938237,0.2,-0.15,0.21087046422938238,-0.14533632145269237,0.0,0.3365001973291002,0.0,blur_only
333,333297,334297,1001,9.999999999763531,True,0.016942381418293045,0.2,-0.15,0.21694238141829306,-0.1481383614805164,0.0,0.0,0.17946203582298847,brightness_only
334,334298,335298,1001,9.999999999763531,True,0.01502154390443558,0.2,-0.15,0.2150215439044356,-0.150691993649425,0.06013205247838427,0.0,0.0,noise_only
335,335299,336299,1001,9.999999999763531,True,0.011063060183480633,0.2,-0.15,0.2026442142156455,-0.16106306018348063,0.0,0.0,0.8729060339749549,brightness_only
336,336300,337300,1001,9.999999999763531,False,0.11152507764849667,0.2,-0.15,0.28399849046530456,-0.03847492235150333,0.0,0.8981568555473204,0.0,blur_only
337,337301,338301,1001,9.999999999763531,False,0.16985760161068497,0.2,-0.15,0.19390848123019805,0.019857601610684984,0.49495784280646293,0.0,0.0,noise_only
338,338302,339302,1001,9.999999999763531,False,0.021132608266144298,0.2,-0.15,0.2211326082661443,-0.151292421495478,0.18938326882008516,0.0,0.0,noise_only
339,339303,340303,1001,9.999999999763531,False,0.17100636560541588,0.2,-0.15,0.21941495971177402,0.021006365605415873,0.0,0.0,0.7347869338616629,brightness_only
340,340304,341303,1000,9.990000001013868,True,0.008244122075962035,0.2,-0.15,0.20824412207596205,-0.1488523067032891,0.0,0.0,0.19086466767606725,brightness_only
341,341304,342303,1000,9.99000000203523,False,0.06688376389162683,0.2,-0.15,0.19400234933664853,-0.08311623610837317,0.0,0.0,0.9297657960497155,brightness_only
342,342304,343303,1000,9.99000000203523,False,0.1597947814908113,0.2,-0.15,0.1806591356973975,0.00979478149081131,0.6903965084098614,0.0,0.0,noise_only
343,343304,344303,1000,9.99000000203523,True,0.01103178542885988,0.2,-0.15,0.2110317854288599,-0.15135073141306776,0.0,0.09120303467162583,0.0,blur_only
344,344304,345303,1000,9.99000000203523,False,0.2419181435625125,0.2,-0.15,0.23813741655477938,0.09191814356251252,0.9495697929109795,0.0,0.0,noise_only
345,345304,346303,1000,9.99000000203523,True,0.009277597910489571,0.2,-0.15,0.20927759791048958,-0.1419021140732124,0.0,0.0,0.14116107948867895,brightness_only
346,346304,347303,1000,9.99000000203523,False,0.08305101976424012,0.2,-0.15,0.28305101976424013,-0.07883410423433464,0.0,0.0,0.8498774357785099,brightness_only
347,347304,348303,1000,9.99000000203523,True,0.0015429346798705168,0.2,-0.15,0.20154293467987053,-0.14985047497815795,0.0,0.0,0.6395319988653315,brightness_only
348,348304,349303,1000,9.99000000203523,False,0.09750748831222565,0.2,-0.15,0.2778064189625098,-0.05249251168777434,0.49785670045699515,0.0,0.0,noise_only
349,349304,350303,1000,9.99000000203523,True,0.006258389973084144,0.2,-0.15,0.19374161002691587,-0.1464874766657505,0.0,0.0,0.092700382526261,brightness_only
350,350304,351303,1000,9.99000000203523,False,0.11867197204267448,0.2,-0.15,0.18470809403779354,-0.03132802795732552,0.5419732728592693,0.0,0.0,noise_only
351,351304,352303,1000,9.99000000203523,False,0.16453757809981415,0.2,-0.15,0.30889126164755937,0.014537578099814152,0.0,0.3090594539352671,0.0,blur_only
352,352304,353303,1000,9.99000000203523,False,0.06263991242600914,0.2,-0.15,0.26263991242600915,-0.1574874007259075,0.7375031148345603,0.0,0.0,noise_only
353,353304,354303,1000,9.99000000203523,False,0.3290380236694257,0.2,-0.15,0.27140901301681924,0.17903802366942567,0.0,0.0,0.8624480671145218,brightness_only
354,354304,355303,1000,9.99000000203523,False,0.1638059913608548,0.2,-0.15,0.1919955733948895,0.013805991360854808,0.0,0.7538143334505963,0.0,blur_only
355,355304,356303,1000,9.99000000203523,False,0.03896936058914671,0.2,-0.15,0.23606276177800398,-0.1889693605891467,0.0,0.0,0.8991941653138052,brightness_only
356,356304,357303,1000,9.99000000203523,False,0.2675521163508385,0.2,-0.15,0.2596825882223607,0.11755211635083848,0.4124546554643027,0.0,0.0,noise_only
357,357304,358303,1000,9.99000000203523,True,0.013517498180353887,0.2,-0.15,0.19804258504678487,-0.1364825018196461,0.0,0.0,0.5614555537589174,brightness_only
358,358304,359303,1000,9.99000000203523,True,0.008792148405096817,0.2,-0.15,0.20879214840509683,-0.15357236304552427,0.0,0.0,0.27318145848131725,brightness_only
359,359304,360303,1000,9.99000000203523,True,0.017945188040748072,0.2,-0.15,0.21794518804074808,-0.16364009697987086,0.0,0.0,0.03629840150207919,brightness_only
360,360304,361303,1000,9.99000000203523,False,0.2143509433070882,0.2,-0.15,0.20988228101130174,0.0643509433070882,0.2688844263254273,0.0,0.0,noise_only
361,361304,362303,1000,9.99000000203523,False,0.2056420900096162,0.2,-0.15,0.3130795520943592,0.05564209000961619,0.0,0.5955048667775157,0.0,blur_only
362,362304,363303,1000,9.99000000203523,True,0.0026831688147418986,0.2,-0.15,0.2026831688147419,-0.1483267978368448,0.0,0.8376586089507196,0.0,blur_only
363,363304,364303,1000,9.99000000203523,True,0.011204263198281383,0.2,-0.15,0.18879573680171863,-0.1496526832076976,0.0,0.421453554226772,0.0,blur_only
364,364304,365303,1000,9.99000000203523,True,0.019242331005302205,0.2,-0.15,0.21924233100530222,-0.16357083560907432,0.7486060109381043,0.0,0.0,noise_only
365,365304,366303,1000,9.99000000203523,False,0.0383438250826342,0.2,-0.15,0.23834382508263421,-0.17594643189533643,0.13373952704008663,0.0,0.0,noise_only
366,366304,367303,1000,9.99000000203523,False,0.23537657405489143,0.2,-0.15,0.18446393494750912,0.08537657405489145,0.2696726858360059,0.0,0.0,noise_only
367,367304,368303,1000,9.99000000203523,True,0.009736307963755048,0.2,-0.15,0.20973630796375506,-0.15605278120320207,0.2599951713804217,0.0,0.0,noise_only
368,368304,369303,1000,9.99000000203523,False,0.19278506974199813,0.2,-0.15,0.21433675848310915,0.04278506974199814,0.7977449462883871,0.0,0.0,noise_only
369,369304,370303,1000,9.99000000203523,False,0.29468645637094176,0.2,-0.15,0.261354812421806,0.14468645637094177,0.0,0.0,0.8492225923793157,brightness_only
370,370304,371303,1000,9.99000000203523,False,0.27366896360764553,0.2,-0.15,0.2391159536632848,0.12366896360764554,0.6868090112327658,0.0,0.0,noise_only
371,371304,372303,1000,9.99000000203523,True,0.009131199644388771,0.2,-0.15,0.1953955359047991,-0.15913119964438877,0.0,0.0,0.7357681591151624,brightness_only
372,372304,373303,1000,9.99000000203523,True,0.014510723569622463,0.2,-0.15,0.21451072356962247,-0.15738906525666216,0.0,0.19415825066869086,0.0,blur_only
373,373304,374303,1000,9.99000000203523,True,0.011211715052002913,0.2,-0.15,0.20389864489394138,-0.1612117150520029,0.0,0.0,0.8045272850516686,brightness_only
374,374304,375303,1000,9.99000000203523,True,0.014511096743192703,0.2,-0.15,0.21451109674319271,-0.15160037463134737,0.0,0.0,0.3064458575927427,brightness_only
375,375304,376303,1000,9.99000000203523,True,0.014491712739597984,0.2,-0.15,0.214491712739598,-0.1552488008186553,0.0,0.0,0.3456802815490322,brightness_only
376,376304,377303,1000,9.99000000203523,False,0.29619322620169763,0.2,-0.15,0.2724907939216814,0.14619322620169764,0.1727147732979123,0.0,0.0,noise_only
377,377304,378303,1000,9.99000000203523,True,0.0016947679777550018,0.2,-0.15,0.19919154000995817,-0.151694767977755,0.0,0.0,0.5327251840514856,brightness_only
378,378304,379303,1000,9.99000000203523,False,0.03215285617855035,0.2,-0.15,0.2112008488481583,-0.18215285617855034,0.0,0.1408711149573667,0.0,blur_only
379,379304,380303,1000,9.99000000203523,True,0.011427915200351385,0.2,-0.15,0.2021874162316919,-0.16142791520035138,0.0,0.22775541004381694,0.0,blur_only
380,380304,381303,1000,9.99000000203523,True,0.012815998832974712,0.2,-0.15,0.21281599883297472,-0.15748678051453815,0.0,0.0,0.5490237469128929,brightness_only
381,381304,382303,1000,9.99000000203523,True,0.0071923916253201214,0.2,-0.15,0.20471690354917854,-0.15719239162532012,0.0,0.0,0.35597684923207207,brightness_only
382,382304,383303,1000,9.99000000203523,True,0.014941466076966975,0.2,-0.15,0.21494146607696699,-0.16045204991728548,0.0,0.0,0.5218390279216221,brightness_only
383,383304,384303,1000,9.99000000203523,False,0.16892244883207966,0.2,-0.15,0.23000465106595624,0.018922448832079664,0.0,0.6940509247641071,0.0,blur_only
384,384304,385303,1000,9.99000000203523,False,0.260179953638347,0.2,-0.15,0.29784386125237594,0.11017995363834701,0.0,0.8369130504738123,0.0,blur_only
385,385304,386303,1000,9.99000000203523,False,0.0368297009360212,0.2,-0.15,0.2368297009360212,-0.16742541611516876,0.62595691145249,0.0,0.0,noise_only
386,386304,387303,1000,9.99000000203523,True,0.0051021408421431935,0.2,-0.15,0.2051021408421432,-0.15391971076815417,0.0,0.0,0.11373148722161064,brightness_only
387,387304,388303,1000,9.99000000203523,False,0.07181547719403425,0.2,-0.15,0.25830973447987227,-0.07818452280596574,0.0,0.927164938146585,0.0,blur_only
388,388304,389303,1000,9.99000000203523,True,0.013772299147787881,0.2,-0.15,0.2137722991477879,-0.15373424312390555,0.0,0.0,0.6641594237490992,brightness_only
389,389304,390303,1000,9.99000000203523,False,0.07408558845923044,0.2,-0.15,0.20942889441000323,-0.07591441154076956,0.46784119006164493,0.0,0.0,noise_only
390,390304,391303,1000,9.99000000203523,True,0.018058476239861065,0.2,-0.15,0.21805847623986108,-0.15318125883674136,0.0,0.0,0.07875977992158478,brightness_only
391,391304,392303,1000,9.99000000203523,False,0.30049397951572754,0.2,-0.15,0.3097382303741509,0.15049397951572754,0.0,0.0,0.6616256492817482,brightness_only
392,392304,393303,1000,9.99000000203523,False,0.1173184938891903,0.2,-0.15,0.3173184938891903,-0.1014019005964995,0.0,0.0,0.998846482065583,brightness_only
393,393304,394303,1000,9.99000000203523,False,0.10612695217026247,0.2,-0.15,0.28433711963769476,-0.04387304782973753,0.0,0.6771842325486761,0.0,blur_only
394,394304,395303,1000,9.99000000203523,False,0.18811818346447776,0.2,-0.15,0.1935952788739553,0.03811818346447777,0.7256302740687365,0.0,0.0,noise_only
395,395304,396303,1000,9.99000000203523,True,0.0113368593874896,0.2,-0.15,0.2113368593874896,-0.15348024960706502,0.0,0.0,0.9218975750205322,brightness_only
396,396304,397303,1000,9.99000000203523,True,0.012398124530893506,0.2,-0.15,0.21239812453089352,-0.15543649925622963,0.0,0.4836845725854043,0.0,blur_only
397,397304,398303,1000,9.99000000203523,True,0.01497304870632607,0.2,-0.15,0.21497304870632608,-0.15205656567973058,0.19633922032477047,0.0,0.0,noise_only
398,398304,399303,1000,9.99000000203523,False,0.11094032297660136,0.2,-0.15,0.26841130278406833,-0.039059677023398624,0.5798483452542592,0.0,0.0,noise_only
399,399304,400303,1000,9.99000000203523,False,0.05783787561867422,0.2,-0.15,0.23543715508558127,-0.09216212438132577,0.0,0.0,0.17416467738653807,brightness_only
400,400304,401303,1000,9.99000000203523,False,0.2752769165885707,0.2,-0.15,0.1843030979726822,0.12527691658857068,0.0,0.0,0.521812061699694,brightness_only
401,401304,402303,1000,9.99000000203523,True,0.013391496949115539,0.2,-0.15,0.21339149694911555,-0.1627064887062915,0.0,0.0,0.10267214724208973,brightness_only
402,402304,403303,1000,9.99000000203523,True,0.002292079841077682,0.2,-0.15,0.2022920798410777,-0.14900070626042544,0.0,0.0,0.13476522228715848,brightness_only
403,403304,404303,1000,9.99000000203523,False,0.1769277162352911,0.2,-0.15,0.19683646812689198,0.026927716235291117,0.0,0.7354185272548636,0.0,blur_only
404,404304,405303,1000,9.99000000203523,True,0.012929645265602974,0.2,-0.15,0.21292964526560298,-0.1567246447454001,0.0,0.0,0.4540551217289618,brightness_only
405,405304,406303,1000,9.99000000203523,False,0.08382783462495685,0.2,-0.15,0.28382783462495687,-0.09610498503750091,0.0,0.7988276101045808,0.0,blur_only
406,406304,407303,1000,9.99000000203523,False,0.1856753007853966,0.2,-0.15,0.2289703259440497,0.0356753007853966,0.40153722293879557,0.0,0.0,noise_only
407,407304,408303,1000,9.99000000203523,False,0.05244640296305095,0.2,-0.15,0.1817296906200108,-0.09755359703694905,0.8245741040797039,0.0,0.0,noise_only
408,408304,409303,1000,9.99000000203523,False,0.1983601240201158,0.2,-0.15,0.28597862748367003,0.0483601240201158,0.7958678610941325,0.0,0.0,noise_only
409,409304,410303,1000,9.99000000203523,True,0.0060452292233685034,0.2,-0.15,0.20604522922336851,-0.15309750975971764,0.0,0.0756429424584184,0.0,blur_only
410,410304,411303,1000,9.99000000203523,False,0.1698668139858931,0.2,-0.15,0.20971774210823615,0.0198668139858931,0.8908699481614347,0.0,0.0,noise_only
411,411304,412303,1000,9.99000000203523,True,0.013525067924234635,0.2,-0.15,0.21352506792423465,-0.14554633607091574,0.004889983082466576,0.0,0.0,noise_only
412,412304,413303,1000,9.99000000203523,True,0.010946701418609206,0.2,-0.15,0.1890532985813908,-0.16010501544037434,0.0,0.45159374461862556,0.0,blur_only
413,413304,414303,1000,9.99000000203523,True,0.015341323495075082,0.2,-0.15,0.21136860484320158,-0.16534132349507508,0.0,0.21696151294950983,0.0,blur_only
414,414304,415303,1000,9.99000000203523,False,0.11638008063310568,0.2,-0.15,0.1825318667160284,-0.03361991936689432,0.0,0.0,0.8635701275927478,brightness_only
415,415304,416303,1000,9.99000000203523,False,0.15929330873413866,0.2,-0.15,0.2760212932821214,0.009293308734138658,0.22435642212414075,0.0,0.0,noise_only
416,416304,417303,1000,9.99000000203523,False,0.02119663172294564,0.2,-0.15,0.21397299832527283,-0.12880336827705435,0.0,0.2030785684107519,0.0,blur_only
417,417304,418303,1000,9.99000000203523,True,0.0013586238427261699,0.2,-0.15,0.19864137615727384,-0.1488489457824343,0.0,0.2639617179535506,0.0,blur_only
418,418304,419303,1000,9.99000000203523,False,0.2794247245316046,0.2,-0.15,0.21407150230270355,0.1294247245316046,0.49824210961138227,0.0,0.0,noise_only
419,419304,420303,1000,9.99000000203523,False,0.2753404913734922,0.2,-0.15,0.278859161252038,0.1253404913734922,0.3501143996806234,0.0,0.0,noise_only
420,420304,421303,1000,9.99000000203523,False,0.1556742454552719,0.2,-0.15,0.22570163942607344,0.005674245455271906,0.0,0.6451032710963562,0.0,blur_only
421,421304,422303,1000,9.99000000203523,False,0.2677696568956925,0.2,-0.15,0.18948464383610802,0.11776965689569249,0.0,0.7002909222245453,0.0,blur_only
422,422304,423303,1000,9.99000000203523,False,0.0782685042435939,0.2,-0.15,0.23358526154452944,-0.0717314957564061,0.30117371924035097,0.0,0.0,noise_only
423,423304,424303,1000,9.99000000203523,False,0.28421729286918607,0.2,-0.15,0.28594787444517766,0.13421729286918604,0.13912595253508975,0.0,0.0,noise_only
424,424304,425303,1000,9.99000000203523,False,0.24939277682940894,0.2,-0.15,0.2867798188622842,0.09939277682940895,0.0,0.7089836054225422,0.0,blur_only
425,425304,426303,1000,9.99000000203523,True,0.01610619663607804,0.2,-0.15,0.21610619663607805,-0.16268835688963088,0.4239114948138111,0.0,0.0,noise_only
426,426304,427303,1000,9.99000000203523,False,0.07578120340824654,0.2,-0.15,0.25312413692563135,-0.07421879659175346,0.0,0.6890911613730555,0.0,blur_only
427,427304,428303,1000,9.99000000203523,True,0.011725060948200361,0.2,-0.15,0.21172506094820037,-0.1573266330968355,0.0,0.0,0.9434380875637133,brightness_only
428,428304,429303,1000,9.99000000203523,False,0.051584275237164565,0.2,-0.15,0.18881174040088522,-0.09841572476283543,0.6158126302617501,0.0,0.0,noise_only
429,429304,430303,1000,9.99000000203523,True,0.010799692884553819,0.2,-0.15,0.20036808788920757,-0.1607996928845538,0.0,0.0,0.9732633270052692,brightness_only
430,430304,431303,1000,9.99000000203523,False,0.1255071929405655,0.2,-0.15,0.21802774025566932,-0.02449280705943449,0.7754385742294906,0.0,0.0,noise_only
431,431304,432303,1000,9.99000000203523,False,0.06572594667100257,0.2,-0.15,0.2657259466710026,-0.08610967243104858,0.46735516671258215,0.0,0.0,noise_only
432,432304,433303,1000,9.99000000203523,False,0.04965016089008571,0.2,-0.15,0.18726595165711798,-0.10034983910991428,0.29281333072890114,0.0,0.0,noise_only
433,433304,434303,1000,9.99000000203523,True,0.007934657933546835,0.2,-0.15,0.20584524530814435,-0.15793465793354683,0.0029093559948785153,0.0,0.0,noise_only
434,434304,435303,1000,9.99000000203523,False,0.295404080604363,0.2,-0.15,0.20937044073550817,0.14540408060436302,0.0,0.0,0.9895620767600759,brightness_only
435,435304,436303,1000,9.99000000203523,False,0.062073925715027234,0.2,-0.15,0.26207392571502724,-0.1317697844770589,0.9280902119825268,0.0,0.0,noise_only
436,436304,437303,1000,9.99000000203523,False,0.04786004661922913,0.2,-0.15,0.24786004661922914,-0.1499866588090512,0.2677719528906135,0.0,0.0,noise_only
437,437304,438303,1000,9.99000000203523,False,0.11666388861160462,0.2,-0.15,0.17862671583834444,-0.03333611138839538,0.0,0.0,0.8234684733299483,brightness_only
438,438304,439303,1000,9.99000000203523,True,0.0016332611048260337,0.2,-0.15,0.19916576459848048,-0.15163326110482603,0.0,0.0,0.15236323372248117,brightness_only
439,439304,440303,1000,9.99000000203523,False,0.10008577193967201,0.2,-0.15,0.1985876713381005,-0.049914228060327984,0.0,0.16451177324839494,0.0,blur_only
440,440304,441303,1000,9.99000000203523,True,0.005877662093433933,0.2,-0.15,0.20578308465875897,-0.15587766209343393,0.0,0.10360934177383252,0.0,blur_only
441,441304,442303,1000,9.99000000203523,True,0.011897534565712575,0.2,-0.15,0.2118975345657126,-0.1462119167876854,0.0,0.0,0.017783375737963514,brightness_only
442,442304,443303,1000,9.99000000203523,True,0.010087394776234854,0.2,-0.15,0.21008739477623486,-0.15495043543474077,0.0,0.13391753136793927,0.0,blur_only
443,443304,444303,1000,9.99000000203523,False,0.25825918770077616,0.2,-0.15,0.18394730415183064,0.10825918770077617,0.5852239613927371,0.0,0.0,noise_only
444,444304,445303,1000,9.99000000203523,False,0.2313911196329668,0.2,-0.15,0.20589067013633036,0.0813911196329668,0.9004394023476289,0.0,0.0,noise_only
445,445304,446303,1000,9.99000000203523,False,0.22000712459078695,0.2,-0.15,0.2839287530667137,0.07000712459078695,0.7912581685711747,0.0,0.0,noise_only
446,446304,447303,1000,9.99000000203523,True,0.011916031493803936,0.2,-0.15,0.21191603149380395,-0.1419696858167321,0.0,0.0,0.18387321364858988,brightness_only
447,447304,448303,1000,9.99000000203523,False,0.3024079080244795,0.2,-0.15,0.26809230863472144,0.15240790802447948,0.1939965361235404,0.0,0.0,noise_only
448,448304,449303,1000,9.99000000203523,True,0.011521880146553254,0.2,-0.15,0.21152188014655326,-0.15744513879595168,0.0,0.9445347696683049,0.0,blur_only
449,449304,450303,1000,9.99000000203523,False,0.09836000356627944,0.2,-0.15,0.29836000356627945,-0.1465862567862425,0.0,0.0,0.8422147566189978,brightness_only
450,450304,451303,1000,9.99000000203523,True,0.006067924958289922,0.2,-0.15,0.20606792495828993,-0.14542839507717434,0.0,0.027296558156255313,0.0,blur_only
451,451304,452303,1000,9.99000000203523,False,0.06788735601607453,0.2,-0.15,0.20498197631628395,-0.08211264398392547,0.0,0.7277818360727037,0.0,blur_only
452,452304,453303,1000,9.99000000203523,True,0.011318786894060517,0.2,-0.15,0.2018901523679152,-0.1613187868940605,0.0,0.0,0.8717643583031789,brightness_only
453,453304,454303,1000,9.99000000203523,True,0.01235159200624747,0.2,-0.15,0.21235159200624748,-0.15162590550823016,0.0,0.0,0.5108334951288632,brightness_only
454,454304,455303,1000,9.99000000203523,True,0.004367457329493979,0.2,-0.15,0.20299278730458067,-0.15436745732949397,0.0,0.4149789665974183,0.0,blur_only
455,455304,456303,1000,9.99000000203523,True,0.008059831037496135,0.2,-0.15,0.2057816397876077,-0.15805983103749613,0.0,0.0,0.3676516353704934,brightness_only
456,456304,457303,1000,9.99000000203523,True,0.018679232477715718,0.2,-0.15,0.21829482863551875,-0.1686792324777157,0.0,0.0,0.705560490290183,brightness_only
457,457304,458303,1000,9.99000000203523,False,0.274211507609722,0.2,-0.15,0.21562500736190945,0.124211507609722,0.0,0.0,0.9972606602802105,brightness_only
458,458304,459303,1000,9.99000000203523,False,0.2767804620950815,0.2,-0.15,0.36944693616660074,0.1267804620950815,0.0,0.1878869777140415,0.0,blur_only
459,459304,460303,1000,9.99000000203523,False,0.17768619759058912,0.2,-0.15,0.2491579683868582,0.02768619759058913,0.0,0.0,0.5333831836868387,brightness_only
460,460304,461303,1000,9.99000000203523,False,0.07172707906287207,0.2,-0.15,0.20991397412375942,-0.07827292093712793,0.0,0.0,0.11945102079119907,brightness_only
461,461304,462303,1000,9.99000000203523,False,0.11466672585842079,0.2,-0.15,0.2580320244935414,-0.035333274141579205,0.0,0.9273224741760331,0.0,blur_only
462,462304,463303,1000,9.99000000203523,False,0.268852412784986,0.2,-0.15,0.27550510622967794,0.11885241278498601,0.0,0.7416406586087628,0.0,blur_only
463,463304,464303,1000,9.99000000203523,True,0.01520467221377797,0.2,-0.15,0.21520467221377798,-0.15542028294919963,0.0,0.0,0.6313645404904572,brightness_only
464,464304,465303,1000,9.99000000203523,True,0.011142711785169984,0.2,-0.15,0.21114271178517,-0.15512684521310285,0.0,0.0,0.2556723685105422,brightness_only
465,465304,466303,1000,9.99000000203523,False,0.12449283533746522,0.2,-0.15,0.3208228021749671,-0.025507164662534776,0.0,0.9732581961085942,0.0,blur_only
466,466304,467303,1000,9.99000000203523,True,0.0038647120397016788,0.2,-0.15,0.19613528796029833,-0.1516548876327591,0.0,0.09579142022471865,0.0,blur_only
467,467304,468303,1000,9.99000000203523,True,0.0072129173397810775,0.2,-0.15,0.20599443645605878,-0.15721291733978107,0.0,0.0,0.1071827750065103,brightness_only
468,468304,469303,1000,9.99000000203523,True,0.017507469672954468,0.2,-0.15,0.21750746967295448,-0.16280361120990583,0.0,0.0,0.18774358719202078,brightness_only
469,469304,470303,1000,9.99000000203523,False,0.14050776421690558,0.2,-0.15,0.24713442836134702,-0.009492235783094405,0.0,0.0,0.8533803206985857,brightness_only
470,470304,471303,1000,9.99000000203523,False,0.11619383269790967,0.2,-0.15,0.18696135468097555,-0.03380616730209033,0.0,0.8666401273536068,0.0,blur_only
471,471304,472303,1000,9.99000000203523,False,0.13882956448770503,0.2,-0.15,0.2131142059816503,-0.011170435512294973,0.4114510965432143,0.0,0.0,noise_only
472,472304,473303,1000,9.99000000203523,False,0.058296628004853135,0.2,-0.15,0.20749386247125853,-0.09170337199514686,0.5790635187699085,0.0,0.0,noise_only
473,473304,474303,1000,9.99000000203523,False,0.262866459563663,0.2,-0.15,0.2311908160330817,0.11286645956366301,0.0,0.8275750487734893,0.0,blur_only
474,474304,475303,1000,9.99000000203523,False,0.1430751527662238,0.2,-0.15,0.18435011944119753,-0.006924847233776205,0.0,0.0,0.9394189760363874,brightness_only
475,475304,476303,1000,9.99000000203523,False,0.19648683021345453,0.2,-0.15,0.25717842668184865,0.04648683021345453,0.6725646778306313,0.0,0.0,noise_only
476,476304,477303,1000,9.99000000203523,False,0.29859264424463267,0.2,-0.15,0.18556515347386174,0.14859264424463267,0.0,0.497903811663454,0.0,blur_only
477,477304,478303,1000,9.99000000203523,True,0.009159715432344895,0.2,-0.15,0.19710089225234062,-0.1591597154323449,0.0,0.9514993680121042,0.0,blur_only
478,478304,479303,1000,9.99000000203523,False,0.16899545707596733,0.2,-0.15,0.2773502124624457,0.018995457075967347,0.21732567386478885,0.0,0.0,noise_only
479,479304,480303,1000,9.99000000203523,False,0.04907008501973645,0.2,-0.15,0.2361048502894967,-0.10092991498026355,0.7840805754842031,0.0,0.0,noise_only
480,480304,481303,1000,9.99000000203523,False,0.27582671928274904,0.2,-0.15,0.25809915841606174,0.12582671928274905,0.0,0.7332674927345616,0.0,blur_only
481,481304,482303,1000,9.99000000203523,True,0.006739388052825812,0.2,-0.15,0.1932606119471742,-0.1542882100528187,0.0,0.37648748012330824,0.0,blur_only
482,482304,483303,1000,9.99000000203523,True,0.012770244968159788,0.2,-0.15,0.2030969554804805,-0.16277024496815978,0.0,0.0,0.6025461291001003,brightness_only
483,483304,484303,1000,9.99000000203523,False,0.25724660176615854,0.2,-0.15,0.18321609527135627,0.10724660176615856,0.5529658880110978,0.0,0.0,noise_only
484,484304,485303,1000,9.99000000203523,False,0.02269448995290027,0.2,-0.15,0.22269448995290028,-0.1473986992769104,0.0,0.0,0.4780282622058789,brightness_only
485,485304,486303,1000,9.99000000203523,False,0.11043993175461213,0.2,-0.15,0.18056188346383226,-0.03956006824538787,0.20237200720932536,0.0,0.0,noise_only
486,486304,487303,1000,9.99000000203523,True,0.018771315848956027,0.2,-0.15,0.21040944846155263,-0.16877131584895602,0.0,0.0,0.2941266623294313,brightness_only
487,487304,488303,1000,9.99000000203523,False,0.11708353226969315,0.2,-0.15,0.26734525636755313,-0.032916467730306855,0.0,0.5724902065599763,0.0,blur_only
488,488304,489303,1000,9.99000000203523,True,0.014568431548835664,0.2,-0.15,0.21456843154883568,-0.1489086798566123,0.06961431507369753,0.0,0.0,noise_only
489,489304,490303,1000,9.99000000203523,False,0.049162613137549466,0.2,-0.15,0.23584817057427715,-0.19916261313754946,0.15210560447356003,0.0,0.0,noise_only
490,490304,491303,1000,9.99000000203523,False,0.1910242789120285,0.2,-0.15,0.18226737278860852,0.041024278912028506,0.0,0.0,0.653977243734189,brightness_only
491,491304,492303,1000,9.99000000203523,False,0.09556407667841865,0.2,-0.15,0.29556407667841866,-0.07947228803297705,0.6035346619033274,0.0,0.0,noise_only
492,492304,493303,1000,9.99000000203523,False,0.022783097230075017,0.2,-0.15,0.21204255330306115,-0.172783097230075,0.0,0.0,0.6755678264643528,brightness_only
493,493304,494303,1000,9.99000000203523,False,0.04755749366837636,0.2,-0.15,0.24755749366837637,-0.16988806094105524,0.20596292992527798,0.0,0.0,noise_only
494,494304,495303,1000,9.99000000203523,True,0.01052808800759708,0.2,-0.15,0.2105280880075971,-0.14153213630996955,0.0,0.0,0.8549371397757223,brightness_only
495,495304,496303,1000,9.99000000203523,False,0.28131147347763674,0.2,-0.15,0.30121560984882456,0.13131147347763672,0.0,0.0,0.9086107927215896,brightness_only
496,496304,497303,1000,9.99000000203523,False,0.2619251078761209,0.2,-0.15,0.2573993419731608,0.11192510787612087,0.6603841486947852,0.0,0.0,noise_only
497,497304,498303,1000,9.99000000203523,True,0.01002511510078069,0.2,-0.15,0.20910253708200657,-0.16002511510078068,0.029642736599035824,0.0,0.0,noise_only
498,498304,499303,1000,9.99000000203523,True,0.014169395147884706,0.2,-0.15,0.21416939514788472,-0.1432965128908974,0.0,0.0,0.06773084473439939,brightness_only
499,499304,500303,1000,9.99000000203523,False,0.2451090581962565,0.2,-0.15,0.18158800182015447,0.09510905819625651,0.5601259179870051,0.0,0.0,noise_only
500,500304,501303,1000,9.99000000203523,False,0.18062422224932875,0.2,-0.15,0.28060431060216356,0.030624222249328748,0.0,0.9188966842894163,0.0,blur_only
501,501304,502303,1000,9.99000000203523,False,0.2854253675503058,0.2,-0.15,0.27174587733031236,0.1354253675503058,0.7080231165546081,0.0,0.0,noise_only
502,502304,503303,1000,9.99000000203523,True,0.011534616108212992,0.2,-0.15,0.211534616108213,-0.1572037536172076,0.0,0.0,0.011082160651816442,brightness_only
503,503304,504303,1000,9.99000000203523,True,0.01358920888989848,0.2,-0.15,0.2135892088898985,-0.14866787064861914,0.0,0.0,0.4463633994064783,brightness_only
504,504304,505303,1000,9.99000000203523,True,0.005800224029118617,0.2,-0.15,0.20580022402911863,-0.15066559563934626,0.0,0.0,0.029145105262316062,brightness_only
505,505304,506303,1000,9.99000000203523,False,0.14968471517311605,0.2,-0.15,0.257556074037832,-0.0003152848268839387,0.46525443903179164,0.0,0.0,noise_only
506,506304,507303,1000,9.99000000203523,True,0.008917554686643542,0.2,-0.15,0.1963757646195824,-0.15891755468664354,0.0,0.16434644116295127,0.0,blur_only
507,507304,508303,1000,9.99000000203523,False,0.2410796323677976,0.2,-0.15,0.25724808440682123,0.09107963236779762,0.8422442183387988,0.0,0.0,noise_only
508,508304,509303,1000,9.99000000203523,False,0.04602645565146332,0.2,-0.15,0.24602645565146333,-0.16844143981110846,0.353892805906847,0.0,0.0,noise_only
509,509304,510303,1000,9.99000000203523,False,0.291903447321638,0.2,-0.15,0.2486271420406148,0.14190344732163795,0.0,0.6141442921744479,0.0,blur_only
510,510304,511303,1000,9.99000000203523,True,0.006149497337516352,0.2,-0.15,0.20426484683135884,-0.14385050266248364,0.0,0.0,0.5034076678032001,brightness_only
511,511304,512303,1000,9.99000000203523,True,0.012543916569831337,0.2,-0.15,0.19296062240338768,-0.16254391656983133,0.0,0.0,0.6812696604035066,brightness_only
512,512304,513303,1000,9.99000000203523,False,0.27080858717905176,0.2,-0.15,0.25199166080505325,0.1208085871790518,0.7155315252048827,0.0,0.0,noise_only
513,513304,514303,1000,9.99000000203523,False,0.14107606793441052,0.2,-0.15,0.25689486851354104,-0.008923932065589469,0.6909268901635763,0.0,0.0,noise_only
514,514304,515303,1000,9.99000000203523,False,0.16895644652152586,0.2,-0.15,0.31400241270027657,0.018956446521525876,0.24820570859978663,0.0,0.0,noise_only
515,515304,516303,1000,9.99000000203523,False,0.04285147999686932,0.2,-0.15,0.23220994278206944,-0.10714852000313067,0.0,0.9722095790461874,0.0,blur_only
516,516304,517303,1000,9.99000000203523,True,0.0028243686452350536,0.2,-0.15,0.20157607301622713,-0.14717563135476494,0.0,0.2028456998999537,0.0,blur_only
517,517304,518303,1000,9.99000000203523,True,0.006562503317533025,0.2,-0.15,0.20656250331753304,-0.1485123613968581,0.0,0.0,0.9594015799598792,brightness_only
518,518304,519303,1000,9.99000000203523,False,0.13133296264685432,0.2,-0.15,0.3053247005873534,-0.018667037353145677,0.5227434261930279,0.0,0.0,noise_only
519,519304,520303,1000,9.99000000203523,False,0.06992605125026809,0.2,-0.15,0.2483125868003978,-0.08007394874973191,0.2676132728269537,0.0,0.0,noise_only
520,520304,521303,1000,9.99000000203523,False,0.10366374798275996,0.2,-0.15,0.30366374798275997,-0.11109329509398831,0.32285063410667914,0.0,0.0,noise_only
521,521304,522303,1000,9.99000000203523,False,0.24170130974544574,0.2,-0.15,0.2768875713126477,0.09170130974544574,0.0,0.8788413079920779,0.0,blur_only
522,522304,523303,1000,9.99000000203523,False,0.17232408640934463,0.2,-0.15,0.24242089304230816,0.022324086409344628,0.0,0.0,0.35731837748866735,brightness_only
523,523304,524303,1000,9.99000000203523,True,0.006812384524792242,0.2,-0.15,0.19318761547520777,-0.152428538369767,0.0,0.09337558224010545,0.0,blur_only
524,524304,525303,1000,9.99000000203523,False,0.020540473091920614,0.2,-0.15,0.21999868382218507,-0.1705404730919206,0.5920105352428987,0.0,0.0,noise_only
525,525304,526303,1000,9.99000000203523,False,0.24082539408918402,0.2,-0.15,0.2604138806503923,0.09082539408918401,0.0,0.28051896685227984,0.0,blur_only
526,526304,527303,1000,9.99000000203523,True,0.007884335488757638,0.2,-0.15,0.20788433548875765,-0.1450905656724144,0.01328162489943674,0.0,0.0,noise_only
527,527304,528303,1000,9.99000000203523,True,0.012610090608057095,0.2,-0.15,0.2126100906080571,-0.1585010735275894,0.3398674492686061,0.0,0.0,noise_only
528,528304,529303,1000,9.99000000203523,True,0.0019948943980015454,0.2,-0.15,0.19880082087368584,-0.15199489439800154,0.0,0.0,0.6447794177574114,brightness_only
529,529304,530303,1000,9.99000000203523,False,0.04133950270887368,0.2,-0.15,0.2413395027088737,-0.17134614717506405,0.0,0.0,0.5922474686760214,brightness_only
530,530304,531303,1000,9.99000000203523,False,0.15619615190934552,0.2,-0.15,0.1903671258431121,0.006196151909345513,0.0,0.9952028103714543,0.0,blur_only
531,531304,532303,1000,9.99000000203523,False,0.12568580091191858,0.2,-0.15,0.2880583661035282,-0.024314199088081412,0.9317613590004431,0.0,0.0,noise_only
532,532304,533303,1000,9.99000000203523,True,0.01288171264048854,0.2,-0.15,0.21288171264048855,-0.1490225081892196,0.0,0.07122235442796487,0.0,blur_only
533,533304,534303,1000,9.99000000203523,False,0.29648022392226114,0.2,-0.15,0.2253970905533008,0.14648022392226115,0.7042526683856646,0.0,0.0,noise_only
534,534304,535303,1000,9.99000000203523,True,0.0008173120848084248,0.2,-0.15,0.1991826879151916,-0.14946121658832026,0.0,0.0,0.20829849217490337,brightness_only
535,535304,536303,1000,9.99000000203523,True,0.00879841495957881,0.2,-0.15,0.20879841495957882,-0.1556672377865612,0.0,0.09036570074791272,0.0,blur_only
536,536304,537303,1000,9.99000000203523,True,0.007358582365871197,0.2,-0.15,0.19264141763412881,-0.15731952283766767,0.0,0.0,0.9592260290638436,brightness_only
537,537304,538303,1000,9.99000000203523,True,0.00708493996428558,0.2,-0.15,0.2070849399642856,-0.14797711222917018,0.0,0.28742950795290323,0.0,blur_only
538,538304,539303,1000,9.99000000203523,False,0.22432064478438674,0.2,-0.15,0.1977270245305104,0.07432064478438674,0.5845593706264046,0.0,0.0,noise_only
539,539304,540303,1000,9.99000000203523,True,0.005501202234197006,0.2,-0.15,0.20123696057484824,-0.155501202234197,0.0,0.2582985727627213,0.0,blur_only
540,540304,541303,1000,9.99000000203523,True,0.011021085565746297,0.2,-0.15,0.20761161499969688,-0.1610210855657463,0.0,0.0,0.0047785822884783835,brightness_only
541,541304,542303,1000,9.99000000203523,True,0.010110513189270198,0.2,-0.15,0.2101105131892702,-0.15432156875308464,0.0,0.0,0.20762334549242767,brightness_only
542,542304,543303,1000,9.99000000203523,True,0.013855034949275868,0.2,-0.15,0.21385503494927588,-0.1574711417276521,0.0,0.4282170077017098,0.0,blur_only
543,543304,544303,1000,9.99000000203523,True,0.011561805100038153,0.2,-0.15,0.1954373694349679,-0.16156180510003815,0.0,0.0,0.5475454407292183,brightness_only
544,544304,545303,1000,9.99000000203523,False,0.21737668607755378,0.2,-0.15,0.21619315786599858,0.06737668607755379,0.0,0.5204353253385913,0.0,blur_only
545,545304,546303,1000,9.99000000203523,True,0.005943568933604426,0.2,-0.15,0.20588079882830637,-0.14405643106639557,0.0,0.0,0.194808686067086,brightness_only
546,546304,547303,1000,9.99000000203523,True,0.017167963326920638,0.2,-0.15,0.1974530935399548,-0.16716796332692063,0.0,0.0,0.5999978501969884,brightness_only
547,547304,548303,1000,9.99000000203523,True,0.0078106170448337675,0.2,-0.15,0.20781061704483378,-0.15530005010611558,0.0,0.0,0.511758171706559,brightness_only
548,548304,549303,1000,9.99000000203523,True,0.00459876764846423,0.2,-0.15,0.200906832099438,-0.15459876764846422,0.7384564996703863,0.0,0.0,noise_only
549,549304,550303,1000,9.99000000203523,False,0.07475150750978757,0.2,-0.15,0.18645917837929046,-0.07524849249021243,0.0,0.5095727943080727,0.0,blur_only
550,550304,551303,1000,9.99000000203523,False,0.1993629084390235,0.2,-0.15,0.3373313788642826,0.049362908439023495,0.40641650489086767,0.0,0.0,noise_only
551,551304,552303,1000,9.99000000203523,False,0.04701965977295178,0.2,-0.15,0.22364088309790678,-0.19701965977295177,0.024262481108413225,0.0,0.0,noise_only
552,552304,553303,1000,9.99000000203523,True,0.012378910352453615,0.2,-0.15,0.2080646005509875,-0.1623789103524536,0.0,0.0,0.741190619765078,brightness_only
553,553304,554303,1000,9.99000000203523,False,0.09513162039981948,0.2,-0.15,0.2615820099983952,-0.05486837960018052,0.23783625310721257,0.0,0.0,noise_only
554,554304,555303,1000,9.99000000203523,True,0.0075339011160888425,0.2,-0.15,0.20753390111608885,-0.1499154849932735,0.0,0.0,0.8931999705850252,brightness_only
555,555304,556303,1000,9.99000000203523,False,0.2586030238949598,0.2,-0.15,0.2098988590863361,0.10860302389495981,0.22342903862132557,0.0,0.0,noise_only
556,556304,557303,1000,9.99000000203523,False,0.2797389030370536,0.2,-0.15,0.2523184421258462,0.1297389030370536,0.35713572158038787,0.0,0.0,noise_only
557,557304,558303,1000,9.99000000203523,True,0.013531345335426992,0.2,-0.15,0.213531345335427,-0.1492627584483867,0.0,0.0,0.929252492680443,brightness_only
558,558304,559303,1000,9.99000000203523,False,0.12967562699161705,0.2,-0.15,0.2414562388210899,-0.02032437300838294,0.5409560389060347,0.0,0.0,noise_only
559,559304,560303,1000,9.99000000203523,False,0.1965924298361531,0.2,-0.15,0.2668272037470741,0.046592429836153124,0.0,0.36886163896854596,0.0,blur_only
560,560304,561303,1000,9.99000000203523,False,0.152398212723915,0.2,-0.15,0.2913166687570515,0.002398212723914987,0.0,0.9203166377874026,0.0,blur_only
561,561304,562303,1000,9.99000000203523,True,0.0026027152634976736,0.2,-0.15,0.19875130833452642,-0.15260271526349767,0.0,0.0,0.9558958581207754,brightness_only
562,562304,563303,1000,9.99000000203523,True,0.00943446593561073,0.2,-0.15,0.1947467335439185,-0.15943446593561073,0.0,0.0,0.0894594990704145,brightness_only
563,563304,564303,1000,9.99000000203523,False,0.20505662575815514,0.2,-0.15,0.38735716638338374,0.05505662575815515,0.0,0.8548506547479631,0.0,blur_only
564,564304,565303,1000,9.99000000203523,True,0.005198599766362139,0.2,-0.15,0.19480140023363787,-0.1515703235238809,0.0,0.0,0.11549692100106712,brightness_only
565,565304,566303,1000,9.99000000203523,False,0.2237557130133357,0.2,-0.15,0.2420762960364132,0.07375571301333571,0.0,0.45986426015266757,0.0,blur_only
566,566304,567303,1000,9.99000000203523,True,0.01842096386247774,0.2,-0.15,0.20899879144625597,-0.16842096386247773,0.0,0.11144634682160426,0.0,blur_only
567,567304,568303,1000,9.99000000203523,False,0.18685425889057866,0.2,-0.15,0.2782902969442486,0.03685425889057867,0.5126456783901778,0.0,0.0,noise_only
568,568304,569303,1000,9.99000000203523,True,0.0057959402563315665,0.2,-0.15,0.20291541967874344,-0.15579594025633156,0.0,0.5220956516934334,0.0,blur_only
569,569304,570303,1000,9.99000000203523,True,0.010273881129051587,0.2,-0.15,0.19663924379562797,-0.16027388112905158,0.0,0.0,0.6870555425619242,brightness_only
570,570304,571303,1000,9.99000000203523,True,0.017323005888689375,0.2,-0.15,0.20250721270382785,-0.13267699411131062,0.0,0.4193739670909552,0.0,blur_only
571,571304,572303,1000,9.99000000203523,True,0.002972635729840356,0.2,-0.15,0.1996020411919641,-0.15297263572984035,0.0,0.0,0.15944191396990648,brightness_only
572,572304,573303,1000,9.99000000203523,True,0.003218603610124632,0.2,-0.15,0.19866998201422462,-0.14678139638987536,0.0,0.0,0.020817461621348232,brightness_only
573,573304,574303,1000,9.99000000203523,True,0.0052301169852274065,0.2,-0.15,0.20523011698522742,-0.1545595392904241,0.0,0.0,0.07836648591431405,brightness_only
574,574304,575303,1000,9.99000000203523,False,0.06939709070265578,0.2,-0.15,0.20855933308829816,-0.08060290929734422,0.6645568601192524,0.0,0.0,noise_only
575,575304,576303,1000,9.99000000203523,False,0.25373275865259554,0.2,-0.15,0.18563486919501923,0.10373275865259554,0.0,0.0,0.9836758266248709,brightness_only
576,576304,577303,1000,9.99000000203523,False,0.18562300580992136,0.2,-0.15,0.22949203146815045,0.03562300580992135,0.0,0.48489925586341487,0.0,blur_only
577,577304,578303,1000,9.99000000203523,False,0.10270963860599414,0.2,-0.15,0.2638889470285874,-0.04729036139400585,0.9629170291191977,0.0,0.0,noise_only
578,578304,579303,1000,9.99000000203523,False,0.20374973245776604,0.2,-0.15,0.23925554280587863,0.05374973245776604,0.0,0.9486762936397432,0.0,blur_only
579,579304,580303,1000,9.99000000203523,True,0.008767670149463475,0.2,-0.15,0.20243992292842622,-0.14123232985053652,0.0,0.0,0.28203866627847873,brightness_only
580,580304,581303,1000,9.99000000203523,False,0.12555312266980628,0.2,-0.15,0.29049211383385265,-0.024446877330193725,0.0,0.0,0.8732326157935676,brightness_only
581,581304,582303,1000,9.99000000203523,False,0.14296730972680788,0.2,-0.15,0.1930061540662577,-0.007032690273192117,0.0,0.696696028260744,0.0,blur_only
582,582304,583303,1000,9.99000000203523,True,0.01213227677094178,0.2,-0.15,0.2121322767709418,-0.1556969259469578,0.0,0.0,0.5595255205111997,brightness_only
583,583304,584303,1000,9.99000000203523,False,0.29400330217571924,0.2,-0.15,0.29287618933338583,0.14400330217571924,0.7628559304136372,0.0,0.0,noise_only
584,584304,585303,1000,9.99000000203523,True,0.01007514497482584,0.2,-0.15,0.20343215151940672,-0.16007514497482583,0.0,0.0,0.5809898035541143,brightness_only
585,585304,586303,1000,9.99000000203523,False,0.06638663080066737,0.2,-0.15,0.2663866308006674,-0.17948388589018932,0.0,0.24686406531911587,0.0,blur_only
586,586304,587303,1000,9.99000000203523,True,0.014153982052070302,0.2,-0.15,0.18842617897214542,-0.1358460179479297,0.0,0.8352504749186876,0.0,blur_only
587,587304,588303,1000,9.99000000203523,False,0.05391091026932761,0.2,-0.15,0.188491856597919,-0.09608908973067239,0.6109959710712307,0.0,0.0,noise_only
588,588304,589303,1000,9.99000000203523,False,0.02646917482477168,0.2,-0.15,0.2264691748247717,-0.1645181933810211,0.5987775625681709,0.0,0.0,noise_only
589,589304,590303,1000,9.99000000203523,True,0.0074839097571042235,0.2,-0.15,0.20748390975710423,-0.15252737549868556,0.06906264950118424,0.0,0.0,noise_only
590,590304,591303,1000,9.99000000203523,True,0.006598406945206886,0.2,-0.15,0.2065984069452069,-0.14900234895670672,0.0,0.0,0.4311737198208806,brightness_only
591,591304,592303,1000,9.99000000203523,False,0.17304496868961658,0.2,-0.15,0.25748557241575726,0.023044968689616585,0.0,0.0,0.9883317775853786,brightness_only
592,592304,593303,1000,9.99000000203523,False,0.2660920105491506,0.2,-0.15,0.29685604560317597,0.11609201054915062,0.4504062655761375,0.0,0.0,noise_only
593,593304,594303,1000,9.99000000203523,False,0.14734222012064643,0.2,-0.15,0.245667485602819,-0.002657779879353554,0.0,0.7107003901225891,0.0,blur_only
594,594304,595303,1000,9.99000000203523,True,0.005882763338876773,0.2,-0.15,0.20298082281326757,-0.15588276333887677,0.0,0.0,0.312835748235768,brightness_only
595,595304,596303,1000,9.99000000203523,True,0.00668134826982153,0.2,-0.15,0.20668134826982154,-0.14994612753983264,0.036553998632238294,0.0,0.0,noise_only
596,596304,597303,1000,9.99000000203523,False,0.1819074488683988,0.2,-0.15,0.25172554223570537,0.031907448868398795,0.0,0.4317757856370248,0.0,blur_only
597,597304,598303,1000,9.99000000203523,False,0.21311231859923244,0.2,-0.15,0.2710863464167413,0.06311231859923244,0.0,0.6709666361825254,0.0,blur_only
598,598304,599303,1000,9.99000000203523,True,0.0027857584790880463,0.2,-0.15,0.20278575847908806,-0.1502760336599178,0.0,0.13280731823821323,0.0,blur_only
599,599304,600303,1000,9.99000000203523,False,0.2502228999033065,0.2,-0.15,0.26262809066673387,0.1002228999033065,0.742776627862354,0.0,0.0,noise_only
600,600304,601303,1000,9.99000000203523,False,0.20841076882024945,0.2,-0.15,0.2574945408096573,0.05841076882024947,0.14719807111103134,0.0,0.0,noise_only
601,601304,602303,1000,9.99000000203523,False,0.29747001679856133,0.2,-0.15,0.18191903890517086,0.14747001679856134,0.0,0.5816462174024936,0.0,blur_only
602,602304,603303,1000,9.99000000203523,False,0.2023900727272459,0.2,-0.15,0.22512840329693307,0.05239007272724592,0.9509014277209967,0.0,0.0,noise_only
603,603304,604303,1000,9.99000000203523,True,0.005637053152070776,0.2,-0.15,0.19921552151661862,-0.15563705315207077,0.0,0.07788895021645437,0.0,blur_only
604,604304,605303,1000,9.99000000203523,False,0.27873196696774666,0.2,-0.15,0.2883518177654942,0.12873196696774666,0.30477825552933213,0.0,0.0,noise_only
605,605304,606303,1000,9.99000000203523,True,0.006905111158087701,0.2,-0.15,0.19662587808383458,-0.1569051111580877,0.0,0.0,0.014997943188422291,brightness_only
606,606304,607303,1000,9.99000000203523,True,0.010542509604482247,0.2,-0.15,0.21054250960448226,-0.1488690574513568,0.0,0.0,0.578432911151125,brightness_only
607,607304,608303,1000,9.99000000203523,False,0.15649860928349935,0.2,-0.15,0.20705142947845614,0.006498609283499351,0.0,0.8783910933627506,0.0,blur_only
608,608304,609303,1000,9.99000000203523,False,0.11364939203535024,0.2,-0.15,0.18225477422031028,-0.036350607964649756,0.7442401487540797,0.0,0.0,noise_only
609,609304,610303,1000,9.99000000203523,False,0.06128977132970141,0.2,-0.15,0.18999948094599378,-0.08871022867029858,0.0,0.9471060838053773,0.0,blur_only
610,610304,611303,1000,9.99000000203523,True,0.016623987559717418,0.2,-0.15,0.21662398755971743,-0.14566672484158552,0.0,0.0918338140013013,0.0,blur_only
611,611304,612303,1000,9.99000000203523,True,0.011112365137498914,0.2,-0.15,0.21111236513749893,-0.14182401025417488,0.0,0.0,0.7847817581950901,brightness_only
612,612304,613303,1000,9.99000000203523,False,0.038146718307033894,0.2,-0.15,0.2381467183070339,-0.15416786204721086,0.8445896926082254,0.0,0.0,noise_only
613,613304,614303,1000,9.99000000203523,True,0.004728605558723981,0.2,-0.15,0.204728605558724,-0.14956465576589462,0.0,0.6440215356816315,0.0,blur_only
614,614304,615303,1000,9.99000000203523,False,0.07372864108789899,0.2,-0.15,0.24568440402493552,-0.076271358912101,0.7867426827770295,0.0,0.0,noise_only
615,615304,616303,1000,9.99000000203523,False,0.24867743696776892,0.2,-0.15,0.2866925932310925,0.09867743696776893,0.8647601101936493,0.0,0.0,noise_only
616,616304,617303,1000,9.99000000203523,True,0.007850509333053979,0.2,-0.15,0.207850509333054,-0.14946535631759797,0.0,0.208250460761495,0.0,blur_only
617,617304,618303,1000,9.99000000203523,False,0.1540745998054713,0.2,-0.15,0.29937096416428155,0.004074599805471326,0.4974993994621614,0.0,0.0,noise_only
618,618304,619303,1000,9.99000000203523,False,0.17613715871140792,0.2,-0.15,0.27112125712261337,0.026137158711407937,0.9433894051145345,0.0,0.0,noise_only
619,619304,620303,1000,9.99000000203523,False,0.07711159362916988,0.2,-0.15,0.19395979069944175,-0.07288840637083012,0.7922380503117007,0.0,0.0,noise_only
620,620304,621303,1000,9.99000000203523,False,0.18516362186167873,0.2,-0.15,0.2741445376809678,0.035163621861678734,0.0,0.7505845645446803,0.0,blur_only
621,621304,622303,1000,9.99000000203523,False,0.08538157379634423,0.2,-0.15,0.2501579870776145,-0.06461842620365577,0.5280444830016368,0.0,0.0,noise_only
622,622304,623303,1000,9.99000000203523,False,0.22290606431089344,0.2,-0.15,0.28973458109612965,0.07290606431089346,0.0,0.44470414839320926,0.0,blur_only
623,623304,624303,1000,9.99000000203523,True,0.015621231125226898,0.2,-0.15,0.2078524455355212,-0.1343787688747731,0.0,0.5057573081967712,0.0,blur_only
624,624304,625303,1000,9.99000000203523,True,0.0013159173008278346,0.2,-0.15,0.19868408269917218,-0.14912729831775026,0.012887585741980456,0.0,0.0,noise_only
625,625304,626303,1000,9.99000000203523,True,0.01705054608314857,0.2,-0.15,0.21205243944743313,-0.16705054608314857,0.7978970971578988,0.0,0.0,noise_only
626,626304,627303,1000,9.99000000203523,False,0.18905557230321782,0.2,-0.15,0.24566462062909375,0.039055572303217816,0.0,0.5930263126077584,0.0,blur_only
627,627304,628303,1000,9.99000000203523,True,0.011353116579572498,0.2,-0.15,0.2032176022768155,-0.1613531165795725,0.0,0.0,0.8975278496725447,brightness_only
628,628304,629303,1000,9.99000000203523,False,0.2932122127961143,0.2,-0.15,0.23275832075347083,0.1432122127961143,0.4935086302372226,0.0,0.0,noise_only
629,629304,630303,1000,9.99000000203523,True,0.019848837078530884,0.2,-0.15,0.2198488370785309,-0.163615488538046,0.0,0.0,0.9998696117487492,brightness_only
630,630304,631303,1000,9.99000000203523,True,0.006200671553205139,0.2,-0.15,0.19379932844679487,-0.14979864258474793,0.0,0.0,0.487708953715133,brightness_only
631,631304,632303,1000,9.99000000203523,False,0.04842517633443319,0.2,-0.15,0.2484251763344332,-0.19681520064680927,0.0,0.08763657299781447,0.0,blur_only
632,632304,633303,1000,9.99000000203523,True,0.012287802880444954,0.2,-0.15,0.21083437586488216,-0.16228780288044495,0.04439118228850403,0.0,0.0,noise_only
633,633304,634303,1000,9.99000000203523,False,0.22669991747335888,0.2,-0.15,0.2117612652851864,0.0766999174733589,0.5236534945784003,0.0,0.0,noise_only
634,634304,635303,1000,9.99000000203523,False,0.13737564087923437,0.2,-0.15,0.20666654454068473,-0.012624359120765623,0.4283703796190059,0.0,0.0,noise_only
635,635304,636303,1000,9.99000000203523,False,0.24173735146690248,0.2,-0.15,0.2139391576798858,0.09173735146690248,0.0,0.45274784194012185,0.0,blur_only
636,636304,637303,1000,9.99000000203523,False,0.22519230174377788,0.2,-0.15,0.2908086469947564,0.07519230174377789,0.0,0.8734207709614917,0.0,blur_only
637,637304,638303,1000,9.99000000203523,False,0.12502531269716127,0.2,-0.15,0.26589774431870267,-0.024974687302838736,0.0,0.566809049811698,0.0,blur_only
638,638304,639303,1000,9.99000000203523,True,0.010869000986496818,0.2,-0.15,0.21086900098649683,-0.14367489302093456,0.6433908209561096,0.0,0.0,noise_only
639,639304,640303,1000,9.99000000203523,False,0.29936003568233605,0.2,-0.15,0.21073452833233733,0.14936003568233605,0.5496158083487034,0.0,0.0,noise_only
640,640304,641303,1000,9.99000000203523,True,0.015893702817310257,0.2,-0.15,0.21589370281731027,-0.1392843345647462,0.0,0.9456657320571977,0.0,blur_only
641,641304,642303,1000,9.99000000203523,True,0.010862182541573201,0.2,-0.15,0.2108621825415732,-0.15300372165726434,0.0,0.0,0.07835192888598796,brightness_only
642,642304,643303,1000,9.99000000203523,False,0.06357456856969233,0.2,-0.15,0.21901378801661783,-0.08642543143030766,0.9228787063702625,0.0,0.0,noise_only
643,643304,644303,1000,9.99000000203523,True,0.007799666847314979,0.2,-0.15,0.207799666847315,-0.1540812092582388,0.0,0.8963263742900166,0.0,blur_only
644,644304,645303,1000,9.99000000203523,False,0.2051317621193748,0.2,-0.15,0.20410596111393378,0.05513176211937481,0.0,0.6391866594958048,0.0,blur_only
645,645304,646303,1000,9.99000000203523,False,0.11619518415191465,0.2,-0.15,0.31619518415191467,-0.16232635705034384,0.9837257032566444,0.0,0.0,noise_only
646,646304,647303,1000,9.99000000203523,False,0.020234594034982928,0.2,-0.15,0.22023459403498294,-0.14865586369496545,0.27838935181822944,0.0,0.0,noise_only
647,647304,648303,1000,9.99000000203523,True,0.0015991083148274021,0.2,-0.15,0.2015991083148274,-0.15058508786121502,0.0,0.711086568219407,0.0,blur_only
648,648304,649303,1000,9.99000000203523,False,0.2710460830116563,0.2,-0.15,0.24850674309693166,0.12104608301165629,0.0,0.677170382415914,0.0,blur_only
649,649304,650303,1000,9.99000000203523,True,0.002524861624106839,0.2,-0.15,0.20232349101356,-0.14747513837589316,0.0,0.0,0.6190945788833588,brightness_only
650,650304,651303,1000,9.99000000203523,False,0.06325232255891872,0.2,-0.15,0.2632523225589187,-0.1402210082564817,0.4687872320421824,0.0,0.0,noise_only
651,651304,652303,1000,9.99000000203523,False,0.1485596264767771,0.2,-0.15,0.2155423440291906,-0.0014403735232229144,0.0,0.6875175601160322,0.0,blur_only
652,652304,653303,1000,9.99000000203523,True,0.005450975702049943,0.2,-0.15,0.19454902429795007,-0.15278437917822368,0.0,0.0,0.42387875082218107,brightness_only
653,653304,654303,1000,9.99000000203523,False,0.2707620627761338,0.2,-0.15,0.2694811358519547,0.1207620627761338,0.8903669785812889,0.0,0.0,noise_only
654,654304,655303,1000,9.99000000203523,True,0.005883623243553071,0.2,-0.15,0.197722760793872,-0.14411637675644692,0.0,0.0,0.2956740331148654,brightness_only
655,655304,656303,1000,9.99000000203523,False,0.25733483611535696,0.2,-0.15,0.1953821233241626,0.10733483611535696,0.13879845928284595,0.0,0.0,noise_only
656,656304,657303,1000,9.99000000203523,False,0.11150194559877755,0.2,-0.15,0.2740924185993027,-0.03849805440122245,0.0,0.0,0.7113630371732739,brightness_only
657,657304,658303,1000,9.99000000203523,True,0.006328699821332856,0.2,-0.15,0.2041397901923563,-0.14367130017866714,0.0,0.0,0.8591482050080752,brightness_only
658,658304,659303,1000,9.99000000203523,False,0.2749189372333763,0.2,-0.15,0.20994058151807976,0.1249189372333763,0.0,0.7736559372129155,0.0,blur_only
659,659304,660303,1000,9.99000000203523,False,0.2580647988329759,0.2,-0.15,0.2192975390281422,0.1080647988329759,0.0,0.7632764178975062,0.0,blur_only
660,660304,661303,1000,9.99000000203523,False,0.2404437156527786,0.2,-0.15,0.20456791493730217,0.09044371565277863,0.4817038783501897,0.0,0.0,noise_only
661,661304,662303,1000,9.99000000203523,True,0.014222039946266918,0.2,-0.15,0.21422203994626693,-0.14712582788488004,0.0,0.0,0.7318895574306822,brightness_only
662,662304,663303,1000,9.99000000203523,False,0.17525620248463875,0.2,-0.15,0.2979728057747018,0.025256202484638755,0.38152808034436225,0.0,0.0,noise_only
663,663304,664303,1000,9.99000000203523,True,0.01237288437594905,0.2,-0.15,0.19134070347334525,-0.13762711562405094,0.0,0.0,0.5665082482727712,brightness_only
664,664304,665303,1000,9.99000000203523,True,0.006780880807064321,0.2,-0.15,0.2056975793672148,-0.15678088080706432,0.0,0.11994329889010436,0.0,blur_only
665,665304,666303,1000,9.99000000203523,False,0.09666376002225509,0.2,-0.15,0.1916714773679131,-0.053336239977744906,0.7154614048200096,0.0,0.0,noise_only
666,666304,667303,1000,9.99000000203523,False,0.24849403758511102,0.2,-0.15,0.19088549831137094,0.09849403758511102,0.9985519304567971,0.0,0.0,noise_only
667,667304,668303,1000,9.99000000203523,False,0.13124746369063459,0.2,-0.15,0.2397894931262419,-0.018752536309365415,0.6265925163230968,0.0,0.0,noise_only
668,668304,669303,1000,9.99000000203523,False,0.2846883247154662,0.2,-0.15,0.23618111351667925,0.13468832471546618,0.0,0.42800337024148805,0.0,blur_only
669,669304,670303,1000,9.99000000203523,False,0.051889121188595844,0.2,-0.15,0.19149495272598835,-0.20188912118859584,0.0,0.7829835261608005,0.0,blur_only
670,670304,671303,1000,9.99000000203523,False,0.08371578253794938,0.2,-0.15,0.18032601581030522,-0.06628421746205061,0.0,0.0,0.8961256021731017,brightness_only
671,671304,672303,1000,9.99000000203523,False,0.14272873893149762,0.2,-0.15,0.18870543124759226,-0.007271261068502372,0.30523978516435835,0.0,0.0,noise_only
672,672304,673303,1000,9.99000000203523,False,0.24301625813631855,0.2,-0.15,0.2525439276974046,0.09301625813631857,0.834791921275202,0.0,0.0,noise_only
673,673304,674303,1000,9.99000000203523,True,0.012646347628690907,0.2,-0.15,0.21264634762869092,-0.16197406605149917,0.0,0.012500278602470494,0.0,blur_only
674,674304,675303,1000,9.99000000203523,True,0.002817977265346161,0.2,-0.15,0.20281797726534617,-0.14761589452024249,0.0,0.7029108099851324,0.0,blur_only
675,675304,676303,1000,9.99000000203523,False,0.04094995014904931,0.2,-0.15,0.24094995014904932,-0.1454456097401382,0.0,0.4603825898576335,0.0,blur_only
676,676304,677303,1000,9.99000000203523,False,0.1068184253548527,0.2,-0.15,0.19312203996478655,-0.0431815746451473,0.216666306253667,0.0,0.0,noise_only
677,677304,678303,1000,9.99000000203523,False,0.2681337599754353,0.2,-0.15,0.27425725626265535,0.11813375997543529,0.6501686126246131,0.0,0.0,noise_only
678,678304,679303,1000,9.99000000203523,True,0.009224275404578625,0.2,-0.15,0.20922427540457864,-0.14738869563792037,0.0,0.0,0.03849462440346352,brightness_only
679,679304,680303,1000,9.99000000203523,False,0.04108763853745953,0.2,-0.15,0.24108763853745954,-0.15453999083893757,0.5134897882784671,0.0,0.0,noise_only
680,680304,681303,1000,9.99000000203523,False,0.30568405365756446,0.2,-0.15,0.2593139892773727,0.1556840536575645,0.0,0.31266337071253436,0.0,blur_only
681,681304,682303,1000,9.990000002034321,True,0.01830379821037445,0.2,-0.15,0.19683487959702645,-0.16830379821037444,0.0,0.22563213544992122,0.0,blur_only
682,682304,683303,1000,9.99000000203523,True,0.009161378944269855,0.2,-0.15,0.20847317529226903,-0.15916137894426985,0.0,0.1468433097310986,0.0,blur_only
683,683304,684303,1000,9.99000000203523,False,0.12008283751031051,0.2,-0.15,0.1988987569709126,-0.029917162489689477,0.0,0.7845232093796025,0.0,blur_only
684,684304,685303,1000,9.99000000203523,True,0.006163021670977736,0.2,-0.15,0.2060479085709647,-0.15616302167097773,0.0,0.0,0.942859067898305,brightness_only
685,685304,686303,1000,9.99000000203523,False,0.2608762085153744,0.2,-0.15,0.2885374108093594,0.11087620851537444,0.3073624327041057,0.0,0.0,noise_only
686,686304,687303,1000,9.99000000203523,False,0.2021166512213486,0.2,-0.15,0.31534160314207604,0.052116651221348606,0.3300370381707832,0.0,0.0,noise_only
687,687304,688303,1000,9.99000000203523,True,0.002947491074721087,0.2,-0.15,0.2005420195995574,-0.1470525089252789,0.0,0.0,0.34936950123492727,brightness_only
688,688304,689303,1000,9.99000000203523,True,0.008779533251905836,0.2,-0.15,0.20877953325190585,-0.14386991983471922,0.0,0.0,0.5736225515590233,brightness_only
689,689304,690303,1000,9.99000000203523,True,0.01090488803582565,0.2,-0.15,0.19867001843757257,-0.13909511196417434,0.0,0.3846452435033043,0.0,blur_only
690,690304,691303,1000,9.99000000203523,True,0.00719997457638355,0.2,-0.15,0.20719997457638356,-0.14857769199020449,0.0,0.0,0.9588516102573912,brightness_only
691,691304,692303,1000,9.99000000203523,False,0.15745832663599027,0.2,-0.15,0.25049905020461716,0.007458326635990263,0.9697126541213777,0.0,0.0,noise_only
692,692304,693303,1000,9.99000000203523,False,0.07573749513538935,0.2,-0.15,0.21364135678112653,-0.07426250486461064,0.7805480035681076,0.0,0.0,noise_only
693,693304,694303,1000,9.99000000203523,False,0.032135488098396725,0.2,-0.15,0.21268208392689153,-0.18213548809839672,0.0,0.0,0.43126006809033623,brightness_only
694,694304,695303,1000,9.99000000203523,False,0.11022325882750639,0.2,-0.15,0.3102232588275064,-0.0429998991184478,0.37762480109893903,0.0,0.0,noise_only
695,695304,696303,1000,9.99000000203523,False,0.11875788152426663,0.2,-0.15,0.24736224594804251,-0.03124211847573337,0.2592105099697378,0.0,0.0,noise_only
696,696304,697303,1000,9.99000000203523,False,0.05308060251316782,0.2,-0.15,0.2144150291785134,-0.2030806025131678,0.0,0.015514512093695143,0.0,blur_only
697,697304,698303,1000,9.99000000203523,True,0.005351721478168342,0.2,-0.15,0.19464827852183167,-0.15371942970547214,0.0,0.0,0.2196103620228561,brightness_only
698,698304,699303,1000,9.99000000203523,False,0.059879293563261105,0.2,-0.15,0.2598792935632611,-0.16763205956639388,0.4049939222188532,0.0,0.0,noise_only
699,699304,700303,1000,9.99000000203523,False,0.10247805645244118,0.2,-0.15,0.3024780564524412,-0.0836494382609056,0.8979968884322899,0.0,0.0,noise_only
700,700304,701303,1000,9.99000000203523,True,0.014395415410777046,0.2,-0.15,0.21439541541077706,-0.1601416437456823,0.0,0.43014785892320107,0.0,blur_only
701,701304,702303,1000,9.99000000203523,True,0.009834469908301113,0.2,-0.15,0.20710276144226028,-0.14016553009169888,0.0,0.0,0.31038338988239045,brightness_only
702,702304,703303,1000,9.99000000203523,False,0.06511594473404887,0.2,-0.15,0.18380416241099168,-0.08488405526595112,0.0,0.8892827662581898,0.0,blur_only
703,703304,704303,1000,9.99000000203523,False,0.24823376173762787,0.2,-0.15,0.20584476774208085,0.09823376173762788,0.0,0.0,0.6276315017315199,brightness_only
704,704304,705303,1000,9.99000000203523,False,0.12511043772892938,0.2,-0.15,0.2104587998943344,-0.024889562271070614,0.43596685315595163,0.0,0.0,noise_only
705,705304,706303,1000,9.99000000203523,True,0.008029172392076733,0.2,-0.15,0.20802917239207674,-0.15068944594390798,0.0,0.0,0.40723429760741736,brightness_only
706,706304,707303,1000,9.99000000203523,False,0.12161749583965883,0.2,-0.15,0.28649158452797013,-0.02838250416034116,0.20232380278949047,0.0,0.0,noise_only
707,707304,708303,1000,9.99000000203523,False,0.2876715958546062,0.2,-0.15,0.18301262974806948,0.13767159585460623,0.0,0.7970058468734333,0.0,blur_only
708,708304,709303,1000,9.99000000203523,False,0.06846021006250635,0.2,-0.15,0.21723781583150323,-0.08153978993749364,0.0,0.0,0.9552240540416012,brightness_only
709,709304,710303,1000,9.99000000203523,True,0.013526008141478058,0.2,-0.15,0.21352600814147807,-0.1427184552208187,0.0,0.0,0.21864902612664894,brightness_only
710,710304,711303,1000,9.99000000203523,True,0.011738007098430342,0.2,-0.15,0.20273607717503175,-0.16173800709843034,0.0,0.0,0.7960998356011764,brightness_only
711,711304,712303,1000,9.99000000203523,True,0.015014976866284502,0.2,-0.15,0.20603956550096203,-0.1650149768662845,0.0,0.0,0.17220166025108363,brightness_only
712,712304,713303,1000,9.99000000203523,False,0.23167753985194844,0.2,-0.15,0.27122323564369805,0.08167753985194845,0.0,0.5857873164234644,0.0,blur_only
713,713304,714303,1000,9.99000000203523,True,0.00771120326926622,0.2,-0.15,0.20771120326926623,-0.15539335799678747,0.0,0.0,0.5851615040378885,brightness_only
714,714304,715303,1000,9.99000000203523,False,0.07293341696299649,0.2,-0.15,0.2729334169629965,-0.12586888797570778,0.9864349086194402,0.0,0.0,noise_only
715,715304,716303,1000,9.99000000203523,False,0.1387380520849046,0.2,-0.15,0.3089579750010923,-0.011261947915095376,0.3390799270146688,0.0,0.0,noise_only
716,716304,717303,1000,9.99000000203523,True,0.014181888228124356,0.2,-0.15,0.20390732372162154,-0.16418188822812435,0.060442991599223506,0.0,0.0,noise_only
717,717304,718303,1000,9.99000000203523,True,0.0022892594059712446,0.2,-0.15,0.2018427428935141,-0.15228925940597124,0.0,0.0,0.6023176093618621,brightness_only
718,718304,719303,1000,9.99000000203523,False,0.1489147364736203,0.2,-0.15,0.21721039448842638,-0.0010852635263796805,0.4993948509128653,0.0,0.0,noise_only
719,719304,720303,1000,9.99000000203523,True,0.0060803074476004915,0.2,-0.15,0.19669991219096516,-0.1439196925523995,0.018461465828365164,0.0,0.0,noise_only
720,720304,721303,1000,9.99000000203523,True,0.008630376907840798,0.2,-0.15,0.2086303769078408,-0.15337056087266804,0.0,0.0,0.5235624980081757,brightness_only
721,721304,722303,1000,9.99000000203523,False,0.2652256629833895,0.2,-0.15,0.24224190572372392,0.11522566298338952,0.0,0.8457592707959105,0.0,blur_only
722,722304,723303,1000,9.99000000203523,True,0.00793523710441868,0.2,-0.15,0.2079352371044187,-0.15342413680834097,0.0,0.0,0.4545661890884153,brightness_only
723,723304,724303,1000,9.99000000203523,True,0.004158513236017902,0.2,-0.15,0.2029893959817989,-0.1458414867639821,0.0,0.36250440416738994,0.0,blur_only
724,724304,725303,1000,9.99000000203523,True,0.017241945745647497,0.2,-0.15,0.2172419457456475,-0.15725781660054428,0.0,0.0,0.05099719342790576,brightness_only
725,725304,726303,1000,9.99000000203523,True,0.017940644108687842,0.2,-0.15,0.20355996679371754,-0.16794064410868784,0.0,0.6280309812746356,0.0,blur_only
726,726304,727303,1000,9.99000000203523,False,0.2755325898720607,0.2,-0.15,0.20143737979094486,0.1255325898720607,0.554695016735708,0.0,0.0,noise_only
727,727304,728303,1000,9.99000000203523,True,0.006706416474964644,0.2,-0.15,0.19329358352503537,-0.1564811392968994,0.0,0.0,0.85478014811329,brightness_only
728,728304,729303,1000,9.99000000203523,False,0.06545016920136465,0.2,-0.15,0.26545016920136466,-0.11078353859360189,0.21563450547284269,0.0,0.0,noise_only
729,729304,730303,1000,9.99000000203523,True,0.007898410057462585,0.2,-0.15,0.2078984100574626,-0.1544708405849464,0.0,0.05693035872159968,0.0,blur_only
730,730304,731303,1000,9.99000000203523,False,0.2119072374211317,0.2,-0.15,0.21732121400162682,0.0619072374211317,0.4419828174002256,0.0,0.0,noise_only
731,731304,732303,1000,9.99000000203523,False,0.23918309336944815,0.2,-0.15,0.29142727956903397,0.08918309336944814,0.0,0.3536061685249946,0.0,blur_only
732,732304,733303,1000,9.99000000203523,True,0.018295113468882546,0.2,-0.15,0.19547124691229756,-0.16829511346888254,0.0,0.42744713278469615,0.0,blur_only
733,733304,734303,1000,9.99000000203523,True,0.012864124692591322,0.2,-0.15,0.21286412469259133,-0.15824527754886605,0.31230402294075066,0.0,0.0,noise_only
734,734304,735303,1000,9.99000000203523,True,0.004037368282036297,0.2,-0.15,0.19596263171796371,-0.15303213276752867,0.0,0.0,0.03598893433970918,brightness_only
735,735304,736303,1000,9.99000000203523,True,0.015609875243340704,0.2,-0.15,0.21560987524334072,-0.15697936922201405,0.08637503430944427,0.0,0.0,noise_only
736,736304,737303,1000,9.99000000203523,False,0.2980527148506932,0.2,-0.15,0.26945016967564467,0.14805271485069318,0.0,0.6870722857389175,0.0,blur_only
737,737304,738303,1000,9.99000000203523,False,0.1790985221961001,0.2,-0.15,0.1948075641439993,0.029098522196100096,0.6670475349343962,0.0,0.0,noise_only
738,738304,739303,1000,9.99000000203523,True,0.01575366175179088,0.2,-0.15,0.2157536617517909,-0.14996251257574994,0.025047899317061972,0.0,0.0,noise_only
739,739304,740303,1000,9.99000000203523,True,0.0037970224199664893,0.2,-0.15,0.2030695386903852,-0.1462029775800335,0.0,0.0,0.4935820940290976,brightness_only
740,740304,741303,1000,9.99000000203523,True,0.007550621006446212,0.2,-0.15,0.20722994221296717,-0.1575506210064462,0.0,0.30678196510451106,0.0,blur_only
741,741304,742303,1000,9.99000000203523,False,0.2964154447971445,0.2,-0.15,0.19809769246340414,0.1464154447971445,0.4366095617135659,0.0,0.0,noise_only
742,742304,743303,1000,9.99000000203523,False,0.15741111334772348,0.2,-0.15,0.20561495386512746,0.007411113347723489,0.0,0.8111633318512865,0.0,blur_only
743,743304,744303,1000,9.99000000203523,False,0.07063275820635602,0.2,-0.15,0.2362208462402096,-0.07936724179364398,0.4546780150172244,0.0,0.0,noise_only
744,744304,745303,1000,9.99000000203523,True,0.0012715880605821683,0.2,-0.15,0.19877355508471306,-0.14872841193941783,0.0,0.0,0.34016302096580364,brightness_only
745,745304,746303,1000,9.99000000203523,True,0.010904463436351902,0.2,-0.15,0.204681159493272,-0.1609044634363519,0.0,0.29788375126736977,0.0,blur_only
746,746304,747303,1000,9.99000000203523,True,0.007261205807957999,0.2,-0.15,0.2058481348137809,-0.157261205807958,0.0,0.0,0.7674553504327192,brightness_only
747,747304,748303,1000,9.99000000203523,False,0.16810557214243455,0.2,-0.15,0.2722980597284028,0.01810557214243454,0.0,0.8771438342689492,0.0,blur_only
748,748304,749303,1000,9.99000000203523,False,0.02144152148353634,0.2,-0.15,0.20504723098124303,-0.17144152148353634,0.0,0.0,0.8496996645947572,brightness_only
749,749304,750303,1000,9.99000000203523,False,0.15464114010609697,0.2,-0.15,0.24365562569913404,0.004641140106096989,0.0,0.5857424642607026,0.0,blur_only
750,750304,751303,1000,9.99000000203523,True,0.014115419747705082,0.2,-0.15,0.2113818948087383,-0.16411541974770508,0.0,0.0,0.10216143838777914,brightness_only
751,751304,752303,1000,9.99000000203523,True,0.01687724509381619,0.2,-0.15,0.19729643710330683,-0.16687724509381618,0.0,0.0,0.7922179772205312,brightness_only
752,752304,753303,1000,9.99000000203523,True,0.0062200210098450615,0.2,-0.15,0.20203543085168907,-0.14377997899015493,0.0,0.0,0.8545075821783135,brightness_only
753,753304,754303,1000,9.99000000203523,False,0.19258434313560235,0.2,-0.15,0.27445987194678934,0.04258434313560236,0.6558988033988445,0.0,0.0,noise_only
754,754304,755303,1000,9.99000000203523,True,0.010351372042657958,0.2,-0.15,0.19649750581683217,-0.16035137204265795,0.0,0.0,0.9270667102033134,brightness_only
755,755304,756303,1000,9.99000000203523,False,0.2656363213857299,0.2,-0.15,0.21104226979522414,0.1156363213857299,0.0,0.40336756921492833,0.0,blur_only
756,756304,757303,1000,9.99000000203523,False,0.14941493612778975,0.2,-0.15,0.22780877036493777,-0.0005850638722102453,0.0,0.8697883519204445,0.0,blur_only
757,757304,758303,1000,9.99000000203523,True,0.012085155689658622,0.2,-0.15,0.21208515568965863,-0.1459054491931678,0.0,0.0,0.06704281712498439,brightness_only
758,758304,759303,1000,9.99000000203523,False,0.1349385647190316,0.2,-0.15,0.18160910341987943,-0.015061435280968401,0.0,0.4238123381049308,0.0,blur_only
759,759304,760303,1000,9.99000000203523,True,0.005460771046337937,0.2,-0.15,0.20546077104633795,-0.15293097595985197,0.0,0.0,0.1946091459090047,brightness_only
760,760304,761303,1000,9.99000000203523,False,0.020594348636671922,0.2,-0.15,0.22059434863667193,-0.16694722317384034,0.0,0.0,0.9909367713175388,brightness_only
761,761304,762303,1000,9.99000000203523,True,0.007351076638929477,0.2,-0.15,0.2073510766389295,-0.14827391170280962,0.0,0.9460848946488377,0.0,blur_only
762,762304,763303,1000,9.99000000203523,False,0.21591974902640143,0.2,-0.15,0.26615442640509906,0.06591974902640142,0.0,0.25925010156227046,0.0,blur_only
763,763304,764303,1000,9.99000000203523,True,0.01635625414590372,0.2,-0.15,0.211598306873138,-0.16635625414590371,0.0,0.2444891926326458,0.0,blur_only
764,764304,765303,1000,9.99000000203523,False,0.023523846081091593,0.2,-0.15,0.2235238460810916,-0.15628246995291817,0.0,0.0,0.7151471810634284,brightness_only
765,765304,766303,1000,9.99000000203523,True,0.013492868326931057,0.2,-0.15,0.21349286832693107,-0.14593901900719775,0.0,0.0,0.015395650477139866,brightness_only
766,766304,767303,1000,9.99000000203523,True,0.007376228220153325,0.2,-0.15,0.20737622822015334,-0.15047859789768694,0.0,0.0,0.5856828308971358,brightness_only
767,767304,768303,1000,9.99000000203523,True,0.008486767068048462,0.2,-0.15,0.20848676706804847,-0.1579356899296671,0.0,0.0,0.2226864993132338,brightness_only
768,768304,769303,1000,9.99000000203523,True,0.011315224334663032,0.2,-0.15,0.20188301187650484,-0.16131522433466303,0.0,0.0,0.251254085490779,brightness_only
769,769304,770303,1000,9.99000000203523,True,0.017925736682919552,0.2,-0.15,0.21792573668291956,-0.1558022816004688,0.0,0.0,0.10167071915974668,brightness_only
770,770304,771303,1000,9.99000000203523,True,0.013078977683931903,0.2,-0.15,0.21122167496952177,-0.1369210223160681,0.0,0.0,0.16148947880973075,brightness_only
771,771304,772303,1000,9.99000000203523,True,0.008913025128196833,0.2,-0.15,0.20891302512819684,-0.1538514837177944,0.0,0.2640949527033619,0.0,blur_only
772,772304,773303,1000,9.99000000203523,True,0.0018983046501689083,0.2,-0.15,0.20086834334696554,-0.1481016953498311,0.0,0.04284019918995807,0.0,blur_only
773,773304,774303,1000,9.99000000203523,False,0.16087592950268162,0.2,-0.15,0.183089230394282,0.010875929502681634,0.828201906765856,0.0,0.0,noise_only
774,774304,775303,1000,9.99000000203523,True,0.01000052443260488,0.2,-0.15,0.20968894263185642,-0.16000052443260487,0.0,0.048545815657157765,0.0,blur_only
775,775304,776303,1000,9.99000000203523,True,0.006122330422828337,0.2,-0.15,0.20612233042282835,-0.1488135076472471,0.0,0.0,0.27590307304431405,brightness_only
776,776304,777303,1000,9.99000000203523,False,0.22810351081700136,0.2,-0.15,0.19900050020308713,0.07810351081700136,0.6869902905302794,0.0,0.0,noise_only
777,777304,778303,1000,9.99000000203523,True,0.015254210337643903,0.2,-0.15,0.20169573672212732,-0.1652542103376439,0.0,0.004352043364828195,0.0,blur_only
778,778304,779303,1000,9.99000000203523,True,0.0058584164343160605,0.2,-0.15,0.20585841643431607,-0.15431703584224526,0.0,0.1156988401156448,0.0,blur_only
779,779304,780303,1000,9.99000000203523,True,0.004304907424259735,0.2,-0.15,0.19569509257574028,-0.15085300478578745,0.0,0.0,0.7595677515002771,brightness_only
780,780304,781303,1000,9.99000000203523,True,0.011354076660949564,0.2,-0.15,0.21135407666094957,-0.15243401076821775,0.0,0.0,0.08780214033464173,brightness_only
781,781304,782303,1000,9.99000000203523,True,0.009061046675509887,0.2,-0.15,0.2090610466755099,-0.15473171180677012,0.0,0.31022618726056694,0.0,blur_only
782,782304,783303,1000,9.99000000203523,True,0.008954000938208695,0.2,-0.15,0.19104599906179132,-0.15639436561589565,0.0,0.0,0.37212632225690934,brightness_only
783,783304,784303,1000,9.99000000203523,False,0.20059549842638194,0.2,-0.15,0.25731469562736575,0.050595498426381946,0.9906298143453587,0.0,0.0,noise_only
784,784304,785303,1000,9.99000000203523,False,0.07239655210007911,0.2,-0.15,0.2723965521000791,-0.12802682750796837,0.7969546900857684,0.0,0.0,noise_only
785,785304,786303,1000,9.99000000203523,False,0.03872911406145374,0.2,-0.15,0.23872911406145375,-0.11582551456341883,0.8813933850338356,0.0,0.0,noise_only
786,786304,787303,1000,9.99000000203523,False,0.03190452093352669,0.2,-0.15,0.1990712841316355,-0.1819045209335267,0.0,0.0,0.3143370992993184,brightness_only
787,787304,788303,1000,9.99000000203523,True,0.01169111067726225,0.2,-0.15,0.21169111067726226,-0.15133414327365027,0.0,0.0,0.729924180097363,brightness_only
788,788304,789303,1000,9.99000000203523,False,0.18947021902537875,0.2,-0.15,0.20818916378506533,0.039470219025378755,0.19463556188329068,0.0,0.0,noise_only
789,789304,790303,1000,9.99000000203523,False,0.13466062618307856,0.2,-0.15,0.21406272445016666,-0.015339373816921426,0.682252346713412,0.0,0.0,noise_only
790,790304,791303,1000,9.99000000203523,False,0.27088128023323726,0.2,-0.15,0.18645050742512165,0.12088128023323727,0.0,0.907942790933371,0.0,blur_only
791,791304,792303,1000,9.99000000203523,False,0.28768081805910756,0.2,-0.15,0.2595990922118944,0.13768081805910756,0.5389159015813627,0.0,0.0,noise_only
792,792304,793303,1000,9.99000000203523,True,0.010496444633550484,0.2,-0.15,0.20740503408629143,-0.1395035553664495,0.07192575849869942,0.0,0.0,noise_only
793,793304,794303,1000,9.99000000203523,False,0.21730808726138146,0.2,-0.15,0.18995897448278695,0.06730808726138146,0.9673380028683326,0.0,0.0,noise_only
794,794304,795303,1000,9.99000000203523,True,0.0042298682156218514,0.2,-0.15,0.20422986821562186,-0.14651399568297999,0.0,0.20863972743129366,0.0,blur_only
795,795304,796303,1000,9.99000000203523,False,0.2978421020874781,0.2,-0.15,0.19378044634682848,0.14784210208747808,0.21051853655489283,0.0,0.0,noise_only
796,796304,797303,1000,9.99000000203523,False,0.2314645802743044,0.2,-0.15,0.2567072953335345,0.08146458027430441,0.09190298044085787,0.0,0.0,noise_only
797,797304,798303,1000,9.99000000203523,False,0.2647027100026304,0.2,-0.15,0.23472946666137745,0.11470271000263041,0.5599961354468566,0.0,0.0,noise_only
798,798304,799303,1000,9.99000000203523,False,0.293941939120147,0.2,-0.15,0.1984488516410809,0.143941939120147,0.6984140692472569,0.0,0.0,noise_only
799,799304,800303,1000,9.99000000203523,False,0.22008617360766108,0.2,-0.15,0.3071129399559467,0.07008617360766109,0.16866311412308088,0.0,0.0,noise_only
800,800304,801303,1000,9.99000000203523,False,0.24079497359252255,0.2,-0.15,0.305843549214836,0.09079497359252255,0.0,0.3927559261233653,0.0,blur_only
801,801304,802303,1000,9.99000000203523,False,0.09680241053154977,0.2,-0.15,0.183573625241978,-0.053197589468450227,0.0,0.6082802591499807,0.0,blur_only
802,802304,803303,1000,9.99000000203523,True,0.006163434442694293,0.2,-0.15,0.19383656555730572,-0.15308536761669428,0.0,0.05940740558805957,0.0,blur_only
803,803304,804303,1000,9.99000000203523,True,0.015584622426065536,0.2,-0.15,0.21317398374899713,-0.16558462242606553,0.0,0.0,0.830591378500773,brightness_only
804,804304,805303,1000,9.99000000203523,False,0.19839498028869348,0.2,-0.15,0.26201648350193785,0.04839498028869348,0.0,0.0,0.7822782155508876,brightness_only
805,805304,806303,1000,9.99000000203523,True,0.013167844126524858,0.2,-0.15,0.21316784412652487,-0.14321715407395452,0.0,0.2556526231602142,0.0,blur_only
806,806304,807303,1000,9.99000000203523,True,0.011234707122712628,0.2,-0.15,0.20836963292964866,-0.16123470712271262,0.0,0.0,0.28641133121339135,brightness_only
807,807304,808303,1000,9.99000000203523,False,0.23775162864978902,0.2,-0.15,0.26819399356635754,0.08775162864978903,0.16347031329056605,0.0,0.0,noise_only
808,808304,809303,1000,9.99000000203523,False,0.17443691501183312,0.2,-0.15,0.23818537134990417,0.02443691501183311,0.0,0.47097630530829426,0.0,blur_only
809,809304,810303,1000,9.99000000203523,True,0.013666002040716052,0.2,-0.15,0.1881179572668617,-0.16366600204071605,0.0,0.3106895238017231,0.0,blur_only
810,810304,811303,1000,9.99000000203523,True,0.010034148986751479,0.2,-0.15,0.2100341489867515,-0.15356135061865417,0.0,0.830004870628147,0.0,blur_only
811,811304,812303,1000,9.99000000203523,False,0.290322551709216,0.2,-0.15,0.26445866824693265,0.140322551709216,0.0,0.7080512472561757,0.0,blur_only
812,812304,813303,1000,9.99000000203523,True,0.016134079775035087,0.2,-0.15,0.18386592022496492,-0.14063888434901212,0.0,0.14714567301843184,0.0,blur_only
813,813304,814303,1000,9.99000000203523,False,0.1173492724565239,0.2,-0.15,0.23932756078982723,-0.032650727543476095,0.8703495512167316,0.0,0.0,noise_only
814,814304,815303,1000,9.99000000203523,True,0.007614626582757855,0.2,-0.15,0.20761462658275787,-0.15757889870981606,0.0,0.5358907318897074,0.0,blur_only
815,815304,816303,1000,9.99000000203523,False,0.11373477231362286,0.2,-0.15,0.22445441699267693,-0.036265227686377126,0.07123128819234603,0.0,0.0,noise_only
816,816304,817303,1000,9.99000000203523,False,0.21249497786620694,0.2,-0.15,0.2964639597899961,0.06249497786620695,0.0,0.9513520077921551,0.0,blur_only
817,817304,818303,1000,9.99000000203523,True,0.013966049861497493,0.2,-0.15,0.2139660498614975,-0.1472914335576414,0.0,0.0,0.2266876375582233,brightness_only
818,818304,819303,1000,9.99000000203523,False,0.1729765633653457,0.2,-0.15,0.2743273423569212,0.0229765633653457,0.5454878126014947,0.0,0.0,noise_only
819,819304,820303,1000,9.99000000203523,True,0.011353727561981525,0.2,-0.15,0.19661939919645094,-0.13864627243801847,0.7103695654115179,0.0,0.0,noise_only
820,820304,821303,1000,9.99000000203523,True,0.013947651619516666,0.2,-0.15,0.21394765161951668,-0.1442112063738378,0.0,0.0,0.39897043165050905,brightness_only
821,821304,822303,1000,9.99000000203523,False,0.05633224627661665,0.2,-0.15,0.25633224627661666,-0.11370950141950716,0.6207913465510976,0.0,0.0,noise_only
822,822304,823303,1000,9.99000000203523,True,0.00312630257840521,0.2,-0.15,0.1968736974215948,-0.15208023366699683,0.0,0.0,0.25619975158239083,brightness_only
823,823304,824303,1000,9.99000000203523,False,0.2101998530666985,0.2,-0.15,0.2914410663619429,0.060199853066698505,0.26093805158381655,0.0,0.0,noise_only
824,824304,825303,1000,9.99000000203523,True,0.010496537839079306,0.2,-0.15,0.21049653783907932,-0.14275646214176227,0.0,0.0,0.6976410265030646,brightness_only
825,825304,826303,1000,9.99000000203523,False,0.1799454719935692,0.2,-0.15,0.17719270577875443,0.029945471993569204,0.0,0.0,0.6361988164798779,brightness_only
826,826304,827303,1000,9.99000000203523,True,0.008202167152665835,0.2,-0.15,0.20820216715266585,-0.1543899189080677,0.0,0.0,0.06985212561593879,brightness_only
827,827304,828303,1000,9.99000000203523,True,0.017027035374761496,0.2,-0.15,0.2170270353747615,-0.14910933868676565,0.8761727783175001,0.0,0.0,noise_only
828,828304,829303,1000,9.99000000203523,False,0.29553872276843374,0.2,-0.15,0.2038172464696809,0.14553872276843377,0.0,0.859938320449944,0.0,blur_only
829,829304,830303,1000,9.99000000203523,True,0.006958338648341028,0.2,-0.15,0.20216703069696584,-0.14304166135165897,0.0,0.20261955769425466,0.0,blur_only
830,830304,831303,1000,9.99000000203523,False,0.32478960990336087,0.2,-0.15,0.2893302573022592,0.17478960990336087,0.0,0.0,0.9344825894594574,brightness_only
831,831304,832303,1000,9.99000000203523,False,0.20542175797377255,0.2,-0.15,0.26403596053738276,0.05542175797377255,0.0,0.2589695391140677,0.0,blur_only
832,832304,833303,1000,9.99000000203523,True,0.004548786925957504,0.2,-0.15,0.20454878692595752,-0.15428858387926286,0.0,0.0,0.820617109933929,brightness_only
833,833304,834303,1000,9.99000000203523,True,0.004771454671887498,0.2,-0.15,0.1952285453281125,-0.15346098077966244,0.0,0.0,0.6477438861563259,brightness_only
834,834304,835303,1000,9.99000000203523,False,0.140265273976254,0.2,-0.15,0.28107750578481844,-0.009734726023746018,0.15084031896742967,0.0,0.0,noise_only
835,835304,836303,1000,9.99000000203523,False,0.27448759966931824,0.2,-0.15,0.19238931368129514,0.12448759966931824,0.473023566957685,0.0,0.0,noise_only
836,836304,837303,1000,9.99000000203523,False,0.1111735610008596,0.2,-0.15,0.18143335192470875,-0.0388264389991404,0.0,0.0,0.1442069887199533,brightness_only
837,837304,838303,1000,9.99000000203523,False,0.06878087522418358,0.2,-0.15,0.2687808752241836,-0.12188003022956811,0.9388733591764589,0.0,0.0,noise_only
838,838304,839303,1000,9.99000000203523,False,0.2989617677294547,0.2,-0.15,0.24834761016730297,0.14896176772945469,0.0,0.6950714207127414,0.0,blur_only
839,839304,840303,1000,9.99000000203523,False,0.23209284012387044,0.2,-0.15,0.18794052233050518,0.08209284012387044,0.4797217090120254,0.0,0.0,noise_only
840,840304,841303,1000,9.99000000203523,True,0.01029799517484939,0.2,-0.15,0.2102979951748494,-0.14996960375635981,0.0,0.3517840289196784,0.0,blur_only
841,841304,842303,1000,9.99000000203523,False,0.02314950689309847,0.2,-0.15,0.22314950689309848,-0.15309756087663573,0.07783350899724528,0.0,0.0,noise_only
842,842304,843303,1000,9.99000000203523,False,0.053617054733016895,0.2,-0.15,0.19563727140906212,-0.2036170547330169,0.0,0.2704309941192471,0.0,blur_only
843,843304,844303,1000,9.99000000203523,False,0.16248371683377666,0.2,-0.15,0.2628091521569132,0.012483716833776673,0.0,0.50001941502836,0.0,blur_only
844,844304,845303,1000,9.99000000203523,False,0.2568358234105863,0.2,-0.15,0.2664757220374422,0.10683582341058631,0.9505704001121734,0.0,0.0,noise_only
845,845304,846303,1000,9.99000000203523,False,0.18592602096366614,0.2,-0.15,0.23813628884170238,0.03592602096366616,0.553177691958687,0.0,0.0,noise_only
846,846304,847303,1000,9.99000000203523,True,0.004126293341939979,0.2,-0.15,0.19785343140761263,-0.15412629334193997,0.0,0.0,0.4918576597279929,brightness_only
847,847304,848303,1000,9.99000000203523,True,0.00834683376515541,0.2,-0.15,0.20834683376515542,-0.15417779920026806,0.0,0.8899152614120809,0.0,blur_only
848,848304,849303,1000,9.99000000203523,False,0.3068989702099249,0.2,-0.15,0.23793846840628072,0.1568989702099249,0.0,0.0,0.3083587287298202,brightness_only
849,849304,850303,1000,9.99000000203523,True,0.005495948560935909,0.2,-0.15,0.20549594856093592,-0.14729373297738993,0.0,0.49332056904788246,0.0,blur_only
850,850304,851303,1000,9.99000000203523,False,0.27132854149597857,0.2,-0.15,0.19915820535098616,0.12132854149597858,0.9637047289868941,0.0,0.0,noise_only
851,851304,852303,1000,9.99000000203523,False,0.042383184210964986,0.2,-0.15,0.21268429268338998,-0.10761681578903501,0.8398800571680861,0.0,0.0,noise_only
852,852304,853303,1000,9.99000000203523,True,0.01586539003941853,0.2,-0.15,0.20775561476136856,-0.16586539003941853,0.0,0.0,0.46560783203961087,brightness_only
853,853304,854303,1000,9.99000000203523,False,0.15914445182243855,0.2,-0.15,0.2587129225883446,0.00914445182243856,0.38657364550185513,0.0,0.0,noise_only
854,854304,855303,1000,9.99000000203523,False,0.1810517357473887,0.2,-0.15,0.20311109157635757,0.031051735747388693,0.4108762179296336,0.0,0.0,noise_only
855,855304,856303,1000,9.99000000203523,False,0.09918704480681295,0.2,-0.15,0.29918704480681296,-0.07715997901617845,0.0,0.9724165342696577,0.0,blur_only
856,856304,857303,1000,9.99000000203523,False,0.04845681640995776,0.2,-0.15,0.21106371903105706,-0.10154318359004223,0.7619032103780623,0.0,0.0,noise_only
857,857304,858303,1000,9.99000000203523,False,0.23968746454430714,0.2,-0.15,0.21559782875241373,0.08968746454430715,0.4569534117010836,0.0,0.0,noise_only
858,858304,859303,1000,9.99000000203523,False,0.20790279749483942,0.2,-0.15,0.30554873423111045,0.05790279749483941,0.09714211184738308,0.0,0.0,noise_only
859,859304,860303,1000,9.99000000203523,False,0.2923509740513092,0.2,-0.15,0.26453225505406275,0.14235097405130923,0.7422151949942928,0.0,0.0,noise_only
860,860304,861303,1000,9.99000000203523,False,0.12801353591670367,0.2,-0.15,0.26999852378972367,-0.02198646408329631,0.0,0.0,0.9577132056738028,brightness_only
861,861304,862303,1000,9.99000000203523,False,0.14189289991558512,0.2,-0.15,0.19201776054489034,-0.008107100084414865,0.3705119219098213,0.0,0.0,noise_only
862,862304,863303,1000,9.99000000203523,True,0.006607087540474843,0.2,-0.15,0.20660708754047485,-0.1555016076582831,0.0,0.0,0.061917166049676564,brightness_only
863,863304,864303,1000,9.99000000203523,False,0.15149723802172405,0.2,-0.15,0.23765389300651982,0.0014972380217240472,0.29452549543100726,0.0,0.0,noise_only
864,864304,865303,1000,9.99000000203523,False,0.06758992066874984,0.2,-0.15,0.18915258393817017,-0.08241007933125015,0.0,0.0,0.36051824779115005,brightness_only
865,865304,866303,1000,9.99000000203523,True,0.008662000573499945,0.2,-0.15,0.20160503003634161,-0.14133799942650005,0.0,0.0,0.100020493936682,brightness_only
866,866304,867303,1000,9.99000000203523,False,0.04813320457495085,0.2,-0.15,0.24813320457495086,-0.10204728249495447,0.2143263127082542,0.0,0.0,noise_only
867,867304,868303,1000,9.99000000203523,True,0.01887088671694262,0.2,-0.15,0.20690130257177855,-0.16887088671694261,0.0,0.08060572630213125,0.0,blur_only
868,868304,869303,1000,9.99000000203523,True,0.012192654006847048,0.2,-0.15,0.21219265400684706,-0.15502422628437298,0.0,0.0,0.03590599861479593,brightness_only
869,869304,870303,1000,9.99000000203523,False,0.15850359479943119,0.2,-0.15,0.22131445089176185,0.00850359479943118,0.0,0.7937894828883741,0.0,blur_only
870,870304,871303,1000,9.99000000203523,False,0.2703956395562284,0.2,-0.15,0.21175011559564794,0.12039563955622842,0.0,0.6825185207424063,0.0,blur_only
871,871304,872303,1000,9.99000000203523,False,0.22939162397778476,0.2,-0.15,0.1950762194500567,0.07939162397778476,0.8541805251488395,0.0,0.0,noise_only
872,872304,873303,1000,9.99000000203523,False,0.2458640797249885,0.2,-0.15,0.21424279902690496,0.0958640797249885,0.4581678712020604,0.0,0.0,noise_only
873,873304,874303,1000,9.99000000203523,True,0.011096053058809036,0.2,-0.15,0.19296999490720768,-0.16109605305880903,0.0,0.1084152109887555,0.0,blur_only
874,874304,875303,1000,9.99000000203523,False,0.19234401498891263,0.2,-0.15,0.27374925989558846,0.042344014988912625,0.0,0.8862057354845916,0.0,blur_only
875,875304,876303,1000,9.99000000203523,False,0.2806021028580702,0.2,-0.15,0.25782744989928646,0.13060210285807017,0.0,0.5000373759593416,0.0,blur_only
876,876304,877303,1000,9.99000000203523,False,0.07613394813942675,0.2,-0.15,0.27613394813942677,-0.07595408167665972,0.0,0.965745992935887,0.0,blur_only
877,877304,878303,1000,9.99000000203523,False,0.22691788886508318,0.2,-0.15,0.29982702378988646,0.07691788886508319,0.7540636684695795,0.0,0.0,noise_only
878,878304,879303,1000,9.99000000203523,True,0.010400084831091394,0.2,-0.15,0.18959991516890862,-0.15428295377548118,0.0,0.0,0.6776238623090991,brightness_only
879,879304,880303,1000,9.99000000203523,True,0.012329471167621564,0.2,-0.15,0.20535249614198575,-0.13767052883237843,0.0,0.0,0.49289247118700263,brightness_only
880,880304,881303,1000,9.99000000203523,True,0.007959108095209222,0.2,-0.15,0.20593673025553463,-0.15795910809520922,0.0,0.0,0.013573200508096739,brightness_only
881,881304,882303,1000,9.99000000203523,True,0.00275325504438112,0.2,-0.15,0.1972467449556189,-0.1480616681626517,0.0,0.061866925823494734,0.0,blur_only
882,882304,883303,1000,9.99000000203523,True,0.010115161076791446,0.2,-0.15,0.21011516107679146,-0.14830674617879538,0.0,0.0,0.311364821640128,brightness_only
883,883304,884303,1000,9.99000000203523,False,0.14527406430926962,0.2,-0.15,0.1853678251601068,-0.004725935690730376,0.0,0.9042743303678831,0.0,blur_only
884,884304,885303,1000,9.99000000203523,False,0.047742911217395406,0.2,-0.15,0.20713074211224067,-0.1977429112173954,0.6558039774204157,0.0,0.0,noise_only
885,885304,886303,1000,9.99000000203523,False,0.08480087589822827,0.2,-0.15,0.1845875690417277,-0.06519912410177173,0.28841266389137366,0.0,0.0,noise_only
886,886304,887303,1000,9.99000000203523,False,0.25372948813274265,0.2,-0.15,0.2823583654049206,0.10372948813274266,0.6820775124605829,0.0,0.0,noise_only
887,887304,888303,1000,9.99000000203523,False,0.26564847087486887,0.2,-0.15,0.18990773397059862,0.11564847087486885,0.0,0.0,0.20780115462783955,brightness_only
888,888304,889303,1000,9.99000000203523,True,0.013150569020214525,0.2,-0.15,0.21315056902021454,-0.15965002565441563,0.06063638516765868,0.0,0.0,noise_only
889,889304,890303,1000,9.99000000203523,True,0.014210807009448101,0.2,-0.15,0.21346708869756859,-0.1642108070094481,0.10892284120853002,0.0,0.0,noise_only
890,890304,891303,1000,9.99000000203523,True,0.011275545405344783,0.2,-0.15,0.18872445459465523,-0.14047168168870655,0.0,0.3531967035169705,0.0,blur_only
891,891304,892303,1000,9.99000000203523,True,0.007578236724143428,0.2,-0.15,0.20010671763085391,-0.15757823672414342,0.0,0.3409382857391461,0.0,blur_only
892,892304,893303,1000,9.99000000203523,False,0.1517148950385014,0.2,-0.15,0.20737373533025916,0.0017148950385014138,0.8743267511155728,0.0,0.0,noise_only
893,893304,894303,1000,9.99000000203523,False,0.04881113230219211,0.2,-0.15,0.24881113230219212,-0.1114239087774682,0.62652348930296,0.0,0.0,noise_only
894,894304,895303,1000,9.99000000203523,True,0.0029135541760169636,0.2,-0.15,0.1972732117101,-0.14708644582398303,0.0,0.5921073161879982,0.0,blur_only
895,895304,896303,1000,9.99000000203523,False,0.09194850009498384,0.2,-0.15,0.29194850009498385,-0.13832718550114415,0.8192635101775202,0.0,0.0,noise_only
896,896304,897303,1000,9.99000000203523,True,0.007405865086248659,0.2,-0.15,0.20740586508624867,-0.14975204580417714,0.0,0.0,0.21947293844522087,brightness_only
897,897304,898303,1000,9.99000000203523,False,0.06884573964226931,0.2,-0.15,0.2278054288971894,-0.08115426035773068,0.42660726571229235,0.0,0.0,noise_only
898,898304,899303,1000,9.99000000203523,False,0.21335462944169242,0.2,-0.15,0.2542089811814893,0.06335462944169243,0.4920367056086823,0.0,0.0,noise_only
899,899304,900303,1000,9.99000000203523,True,0.009465254506326931,0.2,-0.15,0.20946525450632694,-0.14736817987296866,0.0,0.0,0.10856520239726797,brightness_only
900,900304,901303,1000,9.99000000203523,False,0.20109665840586963,0.2,-0.15,0.20990586504241932,0.051096658405869626,0.0,0.6933172580421804,0.0,blur_only
901,901304,902303,1000,9.99000000203523,False,0.05552467862152541,0.2,-0.15,0.19284052261742218,-0.09447532137847459,0.0,0.0,0.7964822378174118,brightness_only
902,902304,903303,1000,9.99000000203523,False,0.0679553298347458,0.2,-0.15,0.19818042179226938,-0.0820446701652542,0.0,0.5688200640501382,0.0,blur_only
903,903304,904303,1000,9.99000000203523,True,0.007761965828440132,0.2,-0.15,0.1993715971202447,-0.14223803417155986,0.0,0.0,0.9990181606738827,brightness_only
904,904304,905303,1000,9.99000000203523,False,0.2981604785016344,0.2,-0.15,0.18778128917606948,0.1481604785016344,0.0,0.20949988507137063,0.0,blur_only
905,905304,906303,1000,9.99000000203523,True,0.01140642163874045,0.2,-0.15,0.21140642163874046,-0.1553780696410659,0.06591327905493283,0.0,0.0,noise_only
906,906304,907303,1000,9.99000000203523,True,0.0037815609839963182,0.2,-0.15,0.20378156098399633,-0.15272397918841507,0.0,0.0,0.06963252115856655,brightness_only
907,907304,908303,1000,9.99000000203523,True,0.00811949478661217,0.2,-0.15,0.20811949478661218,-0.156181060687459,0.0,0.32830588051477005,0.0,blur_only
908,908304,909303,1000,9.99000000203523,True,0.004244714783776665,0.2,-0.15,0.19789026757764708,-0.14575528521622333,0.0,0.0,0.7690905090488239,brightness_only
909,909304,910303,1000,9.99000000203523,True,0.002888596109736352,0.2,-0.15,0.20288859610973636,-0.1512709172456354,0.0,0.0,0.20186945196093053,brightness_only
910,910304,911303,1000,9.99000000203523,True,0.007372542198931159,0.2,-0.15,0.19262745780106885,-0.15724656355148517,0.0,0.0,0.574278244651132,brightness_only
911,911304,912303,1000,9.99000000203523,False,0.12511731393977737,0.2,-0.15,0.25308297331496443,-0.024882686060222616,0.0,0.43121235140139047,0.0,blur_only
912,912304,913303,1000,9.99000000203523,False,0.2542248989631133,0.2,-0.15,0.20010916220483926,0.1042248989631133,0.9405428765261237,0.0,0.0,noise_only
913,913304,914303,1000,9.99000000203523,True,0.009247022065488164,0.2,-0.15,0.20924702206548818,-0.14707316575593782,0.0,0.022077191001548258,0.0,blur_only
914,914304,915303,1000,9.99000000203523,False,0.2902153681224564,0.2,-0.15,0.2892391029521012,0.1402153681224564,0.0,0.4107100018710944,0.0,blur_only
915,915304,916303,1000,9.99000000203523,False,0.09216642873085695,0.2,-0.15,0.29216642873085696,-0.1389983010855899,0.2324942564246404,0.0,0.0,noise_only
916,916304,917303,1000,9.99000000203523,False,0.27870945346479387,0.2,-0.15,0.19161200461030758,0.12870945346479387,0.20877576222418437,0.0,0.0,noise_only
917,917304,918303,1000,9.99000000203523,True,0.01100295649952207,0.2,-0.15,0.21100295649952208,-0.14616290231737816,0.0,0.0,0.5734945962223476,brightness_only
918,918304,919303,1000,9.99000000203523,True,0.009136412480064637,0.2,-0.15,0.20913641248006465,-0.1515914378445644,0.0,0.20889337248981943,0.0,blur_only
919,919304,920303,1000,9.99000000203523,False,0.0893213851342754,0.2,-0.15,0.19808487781345338,-0.060678614865724595,0.0,0.6648179120340186,0.0,blur_only
920,920304,921303,1000,9.99000000203523,True,0.007667204398156852,0.2,-0.15,0.2032434707485269,-0.15766720439815685,0.6131811330286361,0.0,0.0,noise_only
921,921304,922303,1000,9.99000000203523,False,0.055840032937914896,0.2,-0.15,0.2529518965433975,-0.2058400329379149,0.0,0.09258403601089549,0.0,blur_only
922,922304,923303,1000,9.99000000203523,True,0.015243415041777758,0.2,-0.15,0.21524341504177777,-0.16224066814289795,0.0,0.0,0.5691191875240011,brightness_only
923,923304,924303,1000,9.99000000203523,False,0.18900717881336615,0.2,-0.15,0.2166819798468805,0.039007178813366156,0.6409456397660364,0.0,0.0,noise_only
924,924304,925303,1000,9.99000000203523,False,0.06339005074652805,0.2,-0.15,0.20619814449458262,-0.08660994925347194,0.0,0.7122341167195935,0.0,blur_only
925,925304,926303,1000,9.99000000203523,True,0.0043617564260050035,0.2,-0.15,0.20107930969583349,-0.154361756426005,0.0,0.0,0.5814931345188732,brightness_only
926,926304,927303,1000,9.99000000203523,True,0.004971435629358784,0.2,-0.15,0.2049714356293588,-0.15143995458504253,0.0,0.07258080499547159,0.0,blur_only
927,927304,928303,1000,9.99000000203523,True,0.004060668406125623,0.2,-0.15,0.20406066840612563,-0.1473194656876904,0.0,0.7096040926927192,0.0,blur_only
928,928304,929303,1000,9.99000000203523,True,0.0016403966871267883,0.2,-0.15,0.2016403966871268,-0.15068436598659285,0.0,0.0,0.9285241485216916,brightness_only
929,929304,930303,1000,9.99000000203523,True,0.008616425164448771,0.2,-0.15,0.19745221751872144,-0.15861642516444877,0.05954244510714257,0.0,0.0,noise_only
930,930304,931303,1000,9.99000000203523,False,0.29262474338838584,0.2,-0.15,0.21659379809811993,0.14262474338838585,0.0,0.0,0.9458847854497388,brightness_only
931,931304,932303,1000,9.99000000203523,False,0.2964780140708255,0.2,-0.15,0.2072682039105162,0.14647801407082553,0.0,0.3037179411705332,0.0,blur_only
932,932304,933303,1000,9.99000000203523,False,0.21574587996507502,0.2,-0.15,0.27492785031325495,0.06574587996507503,0.0,0.6228930010417145,0.0,blur_only
933,933304,934303,1000,9.99000000203523,True,0.010925309795700028,0.2,-0.15,0.21092530979570004,-0.15064726923915173,0.0,0.0,0.39436745769932646,brightness_only
934,934304,935303,1000,9.99000000203523,False,0.2902629664439524,0.2,-0.15,0.19695536651647189,0.1402629664439524,0.691117002995135,0.0,0.0,noise_only
935,935304,936303,1000,9.99000000203523,False,0.2149333446182786,0.2,-0.15,0.3074551192068669,0.0649333446182786,0.26130820324353365,0.0,0.0,noise_only
936,936304,937303,1000,9.99000000203523,False,0.08378670860317255,0.2,-0.15,0.21690379302261453,-0.06621329139682744,0.13428037775627066,0.0,0.0,noise_only
937,937304,938303,1000,9.99000000203523,False,0.022614210500669446,0.2,-0.15,0.22261421050066946,-0.1592501659757225,0.2428897526615772,0.0,0.0,noise_only
938,938304,939303,1000,9.99000000203523,False,0.14761910690330957,0.2,-0.15,0.2831783446925702,-0.0023808930966904224,0.0,0.6320446023023935,0.0,blur_only
939,939304,940303,1000,9.99000000203523,False,0.15549684196381966,0.2,-0.15,0.24775740169089291,0.0054968419638196705,0.31643490411184994,0.0,0.0,noise_only
940,940304,941303,1000,9.99000000203523,False,0.22200314932034496,0.2,-0.15,0.3002211291008635,0.07200314932034496,0.6314451829147988,0.0,0.0,noise_only
941,941304,942303,1000,9.99000000203523,False,0.021024624199312253,0.2,-0.15,0.22102462419931226,-0.14475177364868513,0.0,0.0,0.12846298314895888,brightness_only
942,942304,943303,1000,9.99000000203523,False,0.07530432673289793,0.2,-0.15,0.24459193788879313,-0.07469567326710207,0.35696311813528137,0.0,0.0,noise_only
943,943304,944303,1000,9.99000000203523,False,0.2918882998458333,0.2,-0.15,0.2896726113318201,0.14188829984583332,0.0,0.9080884932132767,0.0,blur_only
944,944304,945303,1000,9.99000000203523,False,0.1766817064259644,0.2,-0.15,0.2686019121026842,0.026681706425964402,0.19844129856509762,0.0,0.0,noise_only
945,945304,946303,1000,9.99000000203523,False,0.07163303109913376,0.2,-0.15,0.20094059807373935,-0.07836696890086624,0.0,0.10965131465516331,0.0,blur_only
946,946304,947303,1000,9.99000000203523,True,0.008850996407713752,0.2,-0.15,0.2030975049137587,-0.15885099640771375,0.0,0.0,0.7413231283835222,brightness_only
947,947304,948303,1000,9.99000000203523,True,0.00516009365528855,0.2,-0.15,0.20516009365528856,-0.15464010136084114,0.03419942221381933,0.0,0.0,noise_only
948,948304,949303,1000,9.99000000203523,True,0.015915551584179566,0.2,-0.15,0.21591555158417958,-0.14729378128463658,0.0,0.847699565070431,0.0,blur_only
949,949304,950303,1000,9.99000000203523,True,0.0068690894243252365,0.2,-0.15,0.1976933982787283,-0.15686908942432523,0.0,0.0,0.45172815121604515,brightness_only
950,950304,951303,1000,9.99000000203523,True,0.008457347711254976,0.2,-0.15,0.19154265228874504,-0.15806128732695368,0.5309220265752732,0.0,0.0,noise_only
951,951304,952303,1000,9.99000000203523,False,0.27548175187211066,0.2,-0.15,0.24128859962246882,0.12548175187211066,0.0,0.5942971291056931,0.0,blur_only
952,952304,953303,1000,9.99000000203523,False,0.07010722960368482,0.2,-0.15,0.27010722960368483,-0.14181578013271,0.0,0.12082394297053667,0.0,blur_only
953,953304,954303,1000,9.99000000203523,True,0.0071761205956685226,0.2,-0.15,0.1928238794043315,-0.1470396816387536,0.0,0.0,0.10776941735339918,brightness_only
954,954304,955303,1000,9.99000000203523,False,0.18616727386160425,0.2,-0.15,0.28500958184075886,0.03616727386160426,0.6778722897839135,0.0,0.0,noise_only
955,955304,956303,1000,9.99000000203523,False,0.07371730063148753,0.2,-0.15,0.19173481633054776,-0.07628269936851247,0.0,0.6773346159047271,0.0,blur_only
956,956304,957303,1000,9.99000000203523,True,0.01502710738428345,0.2,-0.15,0.21502710738428346,-0.15679118544273027,0.0,0.0,0.19697546650453257,brightness_only
957,957304,958303,1000,9.99000000203523,False,0.2677981031521585,0.2,-0.15,0.2054391742216791,0.11779810315215852,0.5213240879575777,0.0,0.0,noise_only
958,958304,959303,1000,9.99000000203523,False,0.26807806004865725,0.2,-0.15,0.19530200385927787,0.11807806004865726,0.0,0.6977988950752685,0.0,blur_only
959,959304,960303,1000,9.99000000203523,True,0.0096014317470407,0.2,-0.15,0.2096014317470407,-0.15011985597755165,0.0,0.0,0.8229957681208555,brightness_only
960,960304,961303,1000,9.99000000203523,False,0.12226276727000535,0.2,-0.15,0.27286402003429205,-0.02773723272999464,0.0,0.8746082537655002,0.0,blur_only
961,961304,962303,1000,9.99000000203523,True,0.006267058981695134,0.2,-0.15,0.19373294101830488,-0.15464685189425012,0.0,0.0,0.8210127113319056,brightness_only
962,962304,963303,1000,9.99000000203523,False,0.02330356848112944,0.2,-0.15,0.2046154179078719,-0.12669643151887056,0.0,0.0,0.49435328475447227,brightness_only
963,963304,964303,1000,9.99000000203523,True,0.009421116443539046,0.2,-0.15,0.20942111644353906,-0.15204562066012925,0.0,0.0,0.05853807278419132,brightness_only
964,964304,965303,1000,9.99000000203523,False,0.2008940419050409,0.2,-0.15,0.18515965729583495,0.0508940419050409,0.8278266615989112,0.0,0.0,noise_only
965,965304,966303,1000,9.99000000203523,True,0.019959969936889782,0.2,-0.15,0.21985736567902778,-0.16995996993688978,0.1303837832683663,0.0,0.0,noise_only
966,966304,967303,1000,9.99000000203523,True,0.007445934972789392,0.2,-0.15,0.20327843781983798,-0.1574459349727894,0.0,0.0,0.6458246266142051,brightness_only
967,967304,968303,1000,9.99000000203523,True,0.012718397936362535,0.2,-0.15,0.19847814838810166,-0.13728160206363746,0.0,0.3828137342865384,0.0,blur_only
968,968304,969303,1000,9.99000000203523,False,0.0796613051515599,0.2,-0.15,0.20817639385178047,-0.07033869484844009,0.7435843236545148,0.0,0.0,noise_only
969,969304,970303,1000,9.99000000203523,False,0.16940654194862953,0.2,-0.15,0.2483707654900582,0.019406541948629542,0.0,0.0,0.7564874802046473,brightness_only
970,970304,971303,1000,9.99000000203523,False,0.2127502071953747,0.2,-0.15,0.24421989135273448,0.06275020719537472,0.9046624950861302,0.0,0.0,noise_only
971,971304,972303,1000,9.99000000203523,True,0.014720469839392986,0.2,-0.15,0.2135989386447611,-0.16472046983939298,0.0,0.0,0.7080659831271837,brightness_only
972,972304,973303,1000,9.99000000203523,True,0.018632771477735927,0.2,-0.15,0.2028023107845121,-0.13136722852226407,0.0,0.0,0.5766532680051338,brightness_only
973,973304,974303,1000,9.99000000203523,False,0.06244508698162442,0.2,-0.15,0.2597196329294699,-0.08755491301837558,0.0,0.803449540422756,0.0,blur_only
974,974304,975303,1000,9.99000000203523,False,0.2020116955481319,0.2,-0.15,0.26464295401217036,0.05201169554813189,0.0,0.0,0.8690039065135486,brightness_only
975,975304,976303,1000,9.99000000203523,False,0.024559803038014305,0.2,-0.15,0.19869052741032842,-0.1745598030380143,0.0,0.019891763988744704,0.0,blur_only
976,976304,977303,1000,9.99000000203523,False,0.06975052055401883,0.2,-0.15,0.19313180045239808,-0.08024947944598117,0.0,0.0,0.7845986250741981,brightness_only
977,977304,978303,1000,9.99000000203523,False,0.1599753126199682,0.2,-0.15,0.27759187989583534,0.009975312619968202,0.0,0.0,0.9953367203425286,brightness_only
978,978304,979303,1000,9.99000000203523,False,0.27665441847204847,0.2,-0.15,0.20988469155507664,0.12665441847204847,0.0,0.9201908892679536,0.0,blur_only
979,979304,980303,1000,9.99000000203523,True,0.002079989332892468,0.2,-0.15,0.20207998933289248,-0.148787670953387,0.0,0.3044470302515644,0.0,blur_only
980,980304,981303,1000,9.99000000203523,True,0.011832914124728922,0.2,-0.15,0.21183291412472893,-0.15091282028049252,0.0,0.15101727007337107,0.0,blur_only
981,981304,982303,1000,9.99000000203523,False,0.2438377191273246,0.2,-0.15,0.28045527409607574,0.09383771912732462,0.5908187998952539,0.0,0.0,noise_only
982,982304,983303,1000,9.99000000203523,False,0.18178585395040397,0.2,-0.15,0.24102866573399817,0.03178585395040398,0.3792733252057139,0.0,0.0,noise_only
983,983304,984303,1000,9.99000000203523,False,0.29488676933998503,0.2,-0.15,0.2846748048150066,0.14488676933998504,0.0,0.929485526466961,0.0,blur_only
984,984304,985303,1000,9.99000000203523,True,0.018171530784320544,0.2,-0.15,0.21817153078432056,-0.14998833857946656,0.0,0.0,0.021306213930933682,brightness_only
985,985304,986303,1000,9.99000000203523,False,0.29988070774225095,0.2,-0.15,0.27388123097839645,0.14988070774225096,0.0,0.0,0.9903431424570868,brightness_only
986,986304,987303,1000,9.99000000203523,False,0.24376335042055858,0.2,-0.15,0.29023180616817806,0.09376335042055858,0.0,0.9719012288361659,0.0,blur_only
987,987304,988303,1000,9.99000000203523,True,0.008836663518179716,0.2,-0.15,0.20883666351817973,-0.14851592146164727,0.023160691327288596,0.0,0.0,noise_only
988,988304,989303,1000,9.99000000203523,False,0.21462450878917497,0.2,-0.15,0.2791183600716522,0.06462450878917497,0.7440345440601855,0.0,0.0,noise_only
989,989304,990303,1000,9.99000000203523,True,0.013346536109219792,0.2,-0.15,0.2133465361092198,-0.15588131019239387,0.0,0.0,0.5183582209801102,brightness_only
990,990304,991303,1000,9.99000000203523,True,0.009553648568619205,0.2,-0.15,0.20421939780364176,-0.1404463514313808,0.0,0.0,0.2952878545736458,brightness_only
991,991304,992303,1000,9.99000000203523,True,0.013350509314538184,0.2,-0.15,0.21330289690689597,-0.16335050931453818,0.0,0.0,0.603870953461404,brightness_only
992,992304,993303,1000,9.99000000203523,False,0.20362720570651743,0.2,-0.15,0.2475137850841998,0.05362720570651743,0.0,0.0,0.20170102313780547,brightness_only
993,993304,994303,1000,9.99000000203523,True,0.013557339746309544,0.2,-0.15,0.18644266025369047,-0.14241875752144625,0.0,0.0,0.18120453402763592,brightness_only
994,994304,995303,1000,9.99000000203523,False,0.05624474180304845,0.2,-0.15,0.25624474180304846,-0.10956729396950385,0.0,0.0,0.9735106249339487,brightness_only
995,995304,996303,1000,9.99000000203523,False,0.21909101765194353,0.2,-0.15,0.25356284901642673,0.06909101765194353,0.0,0.6380765234026818,0.0,blur_only
996,996304,997303,1000,9.99000000203523,False,0.06567862320738521,0.2,-0.15,0.2656786232073852,-0.12653958521011827,0.5495045137638307,0.0,0.0,noise_only
997,997304,998303,1000,9.99000000203523,True,0.013983102605464731,0.2,-0.15,0.19416674408085294,-0.16398310260546473,0.0026159476430984707,0.0,0.0,noise_only
998,998304,999303,1000,9.99000000203523,True,0.012497025071400797,0.2,-0.15,0.2056002347868878,-0.1375029749285992,0.0,0.038191935216416395,0.0,blur_only
999,999304,1000303,1000,9.99000000203523,True,0.008961230748539939,0.2,-0.15,0.20896123074853995,-0.1466368861959385,0.0,0.0,0.545526840096934,brightness_only
