run_id,start_idx,end_idx,n_samples,duration_sec,success,pos_err,goal_x,goal_y,final_x,final_y,noise_strength_max,blur_strength_max,brightness_strength_max,group
0,0,999,1000,9.990000000000686,True,0.013448668990904994,0.2,-0.15,0.20001014343436374,-0.136551331009095,0.0,0.0,0.0,normal
1,1000,2000,1001,9.999999999996197,True,0.005435195479223526,0.2,-0.15,0.19456480452077649,-0.15334620937340335,0.0,0.0,0.0,normal
2,2001,3000,1000,9.990000000001675,True,0.004882063279041615,0.2,-0.15,0.1957091111922924,-0.1548820632790416,0.0,0.0,0.0,normal
3,3001,4000,1000,9.99000000001221,True,0.004567577488774205,0.2,-0.15,0.2036586487215279,-0.1545675774887742,0.0,0.0,0.0,normal
4,4001,5000,1000,9.99000000001221,True,0.003524537791021687,0.2,-0.15,0.20347291555045127,-0.15352453779102168,0.0,0.0,0.0,normal
5,5001,6001,1001,9.999999999983437,True,0.007452791007191734,0.2,-0.15,0.20745279100719174,-0.15186367250534033,0.0,0.0,0.0,normal
6,6002,7002,1001,9.999999999976694,True,0.007486426311705291,0.2,-0.15,0.2074864263117053,-0.14901945547253231,0.0,0.0,0.0,normal
7,7003,8003,1001,9.999999999976694,True,0.0041951582994864955,0.2,-0.15,0.20324918357259522,-0.1541951582994865,0.0,0.0,0.0,normal
8,8004,9004,1001,9.999999999976694,True,0.001599587026610727,0.2,-0.15,0.19840041297338928,-0.1491017911625307,0.0,0.0,0.0,normal
9,9005,10005,1001,9.999999999976694,True,0.010404082460791025,0.2,-0.15,0.21040408246079104,-0.14999042576580468,0.0,0.0,0.0,normal
10,10006,11005,1000,9.99000000000683,True,0.010792586496737422,0.2,-0.15,0.21079258649673743,-0.14397298771700792,0.0,0.0,0.0,normal
11,11006,12005,1000,9.9900000000477,True,0.0015753188560420073,0.2,-0.15,0.19941322656644472,-0.151575318856042,0.0,0.0,0.0,normal
12,12006,13005,1000,9.9900000000477,True,0.0030280662636669453,0.2,-0.15,0.19697193373633307,-0.1495106898446057,0.0,0.0,0.0,normal
13,13006,14005,1000,9.9900000000477,True,0.013515894188622452,0.2,-0.15,0.21351589418862246,-0.16090779964107355,0.0,0.0,0.0,normal
14,14006,15005,1000,9.9900000000477,True,0.018553926996850684,0.2,-0.15,0.19694166462510593,-0.16855392699685068,0.0,0.0,0.0,normal
15,15006,16005,1000,9.9900000000477,True,0.002131461926884487,0.2,-0.15,0.19786853807311552,-0.15073724270189173,0.0,0.0,0.0,normal
16,16006,17005,1000,9.9900000000477,True,0.0028225895189587513,0.2,-0.15,0.20282258951895876,-0.14737840114666265,0.0,0.0,0.0,normal
17,17006,18005,1000,9.9900000000477,True,0.011103610354590038,0.2,-0.15,0.21110361035459005,-0.15178097414680988,0.0,0.0,0.0,normal
18,18006,19005,1000,9.9900000000477,True,0.005160408924099358,0.2,-0.15,0.19774594861868844,-0.15516040892409935,0.0,0.0,0.0,normal
19,19006,20005,1000,9.9900000000477,False,0.038684917502631866,0.2,-0.15,0.2222573927291883,-0.18868491750263186,0.0,0.0,0.0,normal
20,20006,21005,1000,9.9900000000477,True,0.002927668359230029,0.2,-0.15,0.19707233164076998,-0.1518000560504404,0.0,0.0,0.0,normal
21,21006,22005,1000,9.9900000000477,True,0.008556312772407482,0.2,-0.15,0.2085563127724075,-0.1519875524642153,0.0,0.0,0.0,normal
22,22006,23005,1000,9.9900000000477,True,0.005255932238402067,0.2,-0.15,0.19474406776159794,-0.14748936196699208,0.0,0.0,0.0,normal
23,23006,24005,1000,9.9900000000477,True,0.004590240134447782,0.2,-0.15,0.19927831986811917,-0.15459024013444778,0.0,0.0,0.0,normal
24,24006,25005,1000,9.9900000000477,True,0.013963378896271639,0.2,-0.15,0.21396337889627165,-0.15801605758483808,0.0,0.0,0.0,normal
25,25006,26005,1000,9.9900000000477,True,0.0021955049349159372,0.2,-0.15,0.199160187680868,-0.14780449506508406,0.0,0.0,0.0,normal
26,26006,27005,1000,9.9900000000477,False,0.32123985593200355,0.2,-0.15,0.1745835681568739,0.17123985593200353,0.0,0.0,0.0,normal
27,27006,28005,1000,9.9900000000477,True,0.007072874273356539,0.2,-0.15,0.19292712572664347,-0.15285159016980485,0.0,0.0,0.0,normal
28,28006,29005,1000,9.9900000000477,True,0.008074086620076304,0.2,-0.15,0.20518088935070644,-0.1419259133799237,0.0,0.0,0.0,normal
29,29006,30005,1000,9.9900000000477,True,0.004240163944386838,0.2,-0.15,0.19575983605561317,-0.1537373465788204,0.0,0.0,0.0,normal
30,30006,31005,1000,9.9900000000477,True,0.009579879837561478,0.2,-0.15,0.20237922544728779,-0.15957987983756147,0.0,0.0,0.0,normal
31,31006,32005,1000,9.9900000000477,True,0.007472986321800573,0.2,-0.15,0.2014679764614242,-0.15747298632180057,0.0,0.0,0.0,normal
32,32006,33005,1000,9.9900000000477,True,0.0020007545101063118,0.2,-0.15,0.19906170468399567,-0.1520007545101063,0.0,0.0,0.0,normal
33,33006,34005,1000,9.9900000000477,True,0.004951210251517374,0.2,-0.15,0.20495121025151739,-0.15119274957108078,0.0,0.0,0.0,normal
34,34006,35005,1000,9.9900000000477,True,0.006500461702918264,0.2,-0.15,0.19349953829708175,-0.1468148121597081,0.0,0.0,0.0,normal
35,35006,36005,1000,9.9900000000477,True,0.007256568719239548,0.2,-0.15,0.20725656871923956,-0.15435117687427688,0.0,0.0,0.0,normal
36,36006,37005,1000,9.9900000000477,False,0.2689402638302921,0.2,-0.15,0.18945327062858064,0.11894026383029216,0.0,0.0,0.0,normal
37,37006,38005,1000,9.9900000000477,True,0.003206519089607146,0.2,-0.15,0.20114081193251293,-0.14679348091039285,0.0,0.0,0.0,normal
38,38006,39005,1000,9.9900000000477,True,0.0011657855726955602,0.2,-0.15,0.20116578557269557,-0.14934123093308174,0.0,0.0,0.0,normal
39,39006,40005,1000,9.9900000000477,True,0.004023869862256169,0.2,-0.15,0.20402386986225618,-0.14771984529148774,0.0,0.0,0.0,normal
40,40006,41005,1000,9.9900000000477,False,0.3160806858109466,0.2,-0.15,0.18225562139666868,0.1660806858109466,0.0,0.0,0.0,normal
41,41006,42005,1000,9.9900000000477,True,0.005523045033272528,0.2,-0.15,0.19697290261077915,-0.14447695496672747,0.0,0.0,0.0,normal
42,42006,43006,1001,9.999999999917804,True,0.003546582130220577,0.2,-0.15,0.19740250236508264,-0.14645341786977942,0.0,0.0,0.0,normal
43,43007,44007,1001,9.999999999763531,True,0.0037319467127852335,0.2,-0.15,0.20373194671278524,-0.1533433697788662,0.0,0.0,0.0,normal
44,44008,45008,1001,9.999999999763531,True,0.007572321126553233,0.2,-0.15,0.19242767887344678,-0.14933025433630662,0.0,0.0,0.0,normal
45,45009,46009,1001,9.999999999763531,True,0.011142443835762073,0.2,-0.15,0.19667354961092445,-0.16114244383576207,0.0,0.0,0.0,normal
46,46010,47010,1001,9.999999999763531,True,0.01228089185506237,0.2,-0.15,0.21228089185506238,-0.15660011684596667,0.0,0.0,0.0,normal
47,47011,48011,1001,9.999999999763531,True,0.006563278379395687,0.2,-0.15,0.2065632783793957,-0.15291930357179187,0.0,0.0,0.0,normal
48,48012,49012,1001,9.999999999763531,True,0.006816155405045182,0.2,-0.15,0.19515266702854647,-0.1431838445949548,0.0,0.0,0.0,normal
49,49013,50013,1001,9.999999999763531,False,0.021828551534274737,0.2,-0.15,0.22182855153427475,-0.14244862544355788,0.0,0.0,0.0,normal
50,50014,51014,1001,9.999999999763531,False,0.0217532347580289,0.2,-0.15,0.2217532347580289,-0.1523268723570516,0.0,0.0,0.0,normal
51,51015,52015,1001,9.999999999763531,True,0.008010548208065071,0.2,-0.15,0.20801054820806508,-0.1455783034385331,0.0,0.0,0.0,normal
52,52016,53016,1001,9.999999999763531,True,0.0012927845722535969,0.2,-0.15,0.2012927845722536,-0.14890685138868595,0.0,0.0,0.0,normal
53,53017,54017,1001,9.999999999763531,True,0.01280073382998348,0.2,-0.15,0.2128007338299835,-0.15002261285053345,0.0,0.0,0.0,normal
54,54018,55018,1001,9.999999999763531,True,0.006375078895759834,0.2,-0.15,0.19591466569184748,-0.15637507889575983,0.0,0.0,0.0,normal
55,55019,56019,1001,9.999999999763531,True,0.010504517072874336,0.2,-0.15,0.21050451707287435,-0.14822213158049927,0.0,0.0,0.0,normal
56,56020,57020,1001,9.999999999763531,True,0.008606806598379979,0.2,-0.15,0.20860680659838,-0.14714699740627205,0.0,0.0,0.0,normal
57,57021,58021,1001,9.999999999763531,True,0.011488404968764965,0.2,-0.15,0.21148840496876498,-0.15101138754283083,0.0,0.0,0.0,normal
58,58022,59022,1001,9.999999999763531,True,0.011671126251877384,0.2,-0.15,0.18832887374812263,-0.14356976982145966,0.0,0.0,0.0,normal
59,59023,60023,1001,9.999999999763531,True,0.0020892576160723986,0.2,-0.15,0.19976315267935196,-0.1479107423839276,0.0,0.0,0.0,normal
60,60024,61024,1001,9.999999999763531,True,0.0052354540660171645,0.2,-0.15,0.19476454593398285,-0.15306841620173472,0.0,0.0,0.0,normal
61,61025,62025,1001,9.999999999763531,True,0.016695345042440968,0.2,-0.15,0.19441970448243612,-0.16669534504244096,0.0,0.0,0.0,normal
62,62026,63026,1001,9.999999999763531,True,0.007151772301239756,0.2,-0.15,0.20715177230123977,-0.14893223078272527,0.0,0.0,0.0,normal
63,63027,64027,1001,9.999999999763531,True,0.009915357473070263,0.2,-0.15,0.20660298058645432,-0.15991535747307026,0.0,0.0,0.0,normal
64,64028,65028,1001,9.999999999763531,True,0.0030675668420316604,0.2,-0.15,0.2029101163464195,-0.15306756684203165,0.0,0.0,0.0,normal
65,65029,66029,1001,9.999999999763531,True,0.005896249778184148,0.2,-0.15,0.20589624977818416,-0.15151119957341633,0.0,0.0,0.0,normal
66,66030,67030,1001,9.999999999763531,True,0.008504249779896528,0.2,-0.15,0.20850424977989654,-0.15368983828356594,0.0,0.0,0.0,normal
67,67031,68031,1001,9.999999999763531,True,0.0026796240096214896,0.2,-0.15,0.20103041607773386,-0.15267962400962148,0.0,0.0,0.0,normal
68,68032,69032,1001,9.999999999763531,False,0.2925392081857565,0.2,-0.15,0.19053389686585445,0.14253920818575655,0.0,0.0,0.0,normal
69,69033,70033,1001,9.999999999763531,True,0.0072841597036768235,0.2,-0.15,0.197835789925402,-0.14271584029632317,0.0,0.0,0.0,normal
70,70034,71034,1001,9.999999999763531,True,0.007261058423660177,0.2,-0.15,0.2072610584236602,-0.14622160441744547,0.0,0.0,0.0,normal
71,71035,72035,1001,9.999999999763531,True,0.004780343094353795,0.2,-0.15,0.19521965690564622,-0.14750392468721377,0.0,0.0,0.0,normal
72,72036,73036,1001,9.999999999763531,True,0.014026286254904485,0.2,-0.15,0.2140262862549045,-0.15995537462141765,0.0,0.0,0.0,normal
73,73037,74037,1001,9.999999999763531,True,0.007774329813656972,0.2,-0.15,0.20777432981365698,-0.14910162658736656,0.0,0.0,0.0,normal
74,74038,75038,1001,9.999999999763531,True,0.004801885238929882,0.2,-0.15,0.20261789594345134,-0.1451981147610701,0.0,0.0,0.0,normal
75,75039,76039,1001,9.999999999763531,True,0.005923475296293085,0.2,-0.15,0.19678142870302187,-0.1440765247037069,0.0,0.0,0.0,normal
76,76040,77040,1001,9.999999999763531,False,0.09492950970427702,0.2,-0.15,0.1723938804783504,-0.055070490295722974,0.0,0.0,0.0,normal
77,77041,78041,1001,9.999999999763531,True,0.017546222379322463,0.2,-0.15,0.21754622237932247,-0.16226986425216222,0.0,0.0,0.0,normal
78,78042,79042,1001,9.999999999763531,True,0.010809294579440437,0.2,-0.15,0.21080929457944045,-0.14646740802583794,0.0,0.0,0.0,normal
79,79043,80043,1001,9.999999999763531,True,0.008964030692311553,0.2,-0.15,0.20896403069231156,-0.1527805941834531,0.0,0.0,0.0,normal
80,80044,81044,1001,9.999999999763531,True,0.007781708401550569,0.2,-0.15,0.1989984081058875,-0.15778170840155056,0.0,0.0,0.0,normal
81,81045,82045,1001,9.999999999763531,True,0.004457162415482413,0.2,-0.15,0.1955428375845176,-0.15048582139506717,0.0,0.0,0.0,normal
82,82046,83046,1001,9.999999999763531,True,0.003388484652885715,0.2,-0.15,0.1971214303520105,-0.1533884846528857,0.0,0.0,0.0,normal
83,83047,84047,1001,9.999999999763531,False,0.31633510697800626,0.2,-0.15,0.19559227086732645,0.16633510697800624,0.0,0.0,0.0,normal
84,84048,85048,1001,9.999999999763531,False,0.31380736893586814,0.2,-0.15,0.3013702282435086,0.16380736893586817,0.0,0.0,0.0,normal
85,85049,86049,1001,9.999999999763645,True,0.0015413019469851796,0.2,-0.15,0.19897415427109394,-0.15154130194698517,0.0,0.0,0.0,normal
86,86050,87050,1001,9.999999999763531,True,0.0021233267631211306,0.2,-0.15,0.19787667323687888,-0.1480600093795478,0.0,0.0,0.0,normal
87,87051,88051,1001,9.999999999763531,True,0.004059114514340267,0.2,-0.15,0.19594088548565974,-0.14606453395680666,0.0,0.0,0.0,normal
88,88052,89052,1001,9.999999999763531,True,0.008554982143511303,0.2,-0.15,0.20658766347346688,-0.1585549821435113,0.0,0.0,0.0,normal
89,89053,90053,1001,9.999999999763531,False,0.09455080335347693,0.2,-0.15,0.29455080335347694,-0.08037548699142323,0.0,0.0,0.0,normal
90,90054,91054,1001,9.999999999763531,True,0.012128409012270358,0.2,-0.15,0.19569073688498548,-0.16212840901227035,0.0,0.0,0.0,normal
91,91055,92055,1001,9.999999999763531,True,0.004053394143693295,0.2,-0.15,0.20191705659475045,-0.1459466058563067,0.0,0.0,0.0,normal
92,92056,93056,1001,9.999999999763531,True,0.002543187225365978,0.2,-0.15,0.20225416654580966,-0.14745681277463402,0.0,0.0,0.0,normal
93,93057,94057,1001,9.999999999763531,True,0.0015639513639921498,0.2,-0.15,0.1991349388470725,-0.14843604863600784,0.0,0.0,0.0,normal
94,94058,95058,1001,9.999999999763531,True,0.00953740650359211,0.2,-0.15,0.20953740650359212,-0.1456459729704424,0.0,0.0,0.0,normal
95,95059,96059,1001,9.999999999763531,True,0.005233190790206177,0.2,-0.15,0.2052331907902062,-0.15083592939563864,0.0,0.0,0.0,normal
96,96060,97060,1001,9.999999999763531,False,0.22761299989536893,0.2,-0.15,0.17157069868553979,0.07761299989536895,0.0,0.0,0.0,normal
97,97061,98061,1001,9.999999999763531,True,0.010956843350030443,0.2,-0.15,0.19722017049789659,-0.16095684335003044,0.0,0.0,0.0,normal
98,98062,99062,1001,9.999999999763531,True,0.009983907171208561,0.2,-0.15,0.20998390717120857,-0.1579584084342528,0.0,0.0,0.0,normal
99,99063,100063,1001,9.999999999763531,True,0.010038823730125018,0.2,-0.15,0.21003882373012503,-0.15961369379520238,0.0,0.0,0.0,normal
100,100064,101064,1001,9.999999999763531,True,0.005438685769518281,0.2,-0.15,0.19532458906763506,-0.1445613142304817,0.47745055660215063,0.0,0.0,noise_only
101,101065,102065,1001,9.999999999763531,False,0.2270846706565545,0.2,-0.15,0.28085277892585203,0.0770846706565545,0.0,0.6538969913801372,0.0,blur_only
102,102066,103066,1001,9.999999999763531,False,0.2554724619333779,0.2,-0.15,0.19195826305707783,0.10547246193337792,0.2637719188068649,0.0,0.0,noise_only
103,103067,104067,1001,9.999999999763531,True,0.01113195034554354,0.2,-0.15,0.21113195034554355,-0.14243144349077302,0.0,0.0,0.16572984234080346,brightness_only
104,104068,105068,1001,9.999999999763531,True,0.010891233654606258,0.2,-0.15,0.20605908936022974,-0.16089123365460625,0.0,0.0,0.1218779146633523,brightness_only
105,105069,106069,1001,9.999999999763531,True,0.011005925122596849,0.2,-0.15,0.1939205733891317,-0.16100592512259684,0.0,0.046571513144830434,0.0,blur_only
106,106070,107070,1001,9.999999999763531,True,0.005041897258863226,0.2,-0.15,0.2028987437627489,-0.15504189725886322,0.0,0.0,0.4292977344077925,brightness_only
107,107071,108071,1001,9.999999999763531,False,0.1360721357499818,0.2,-0.15,0.24551008427962293,-0.013927864250018185,0.7331863644785038,0.0,0.0,noise_only
108,108072,109072,1001,9.999999999763531,True,0.003671334905276019,0.2,-0.15,0.20367133490527603,-0.15247500506348122,0.0,0.3583047477050282,0.0,blur_only
109,109073,110073,1001,9.999999999763531,True,0.006787600011098099,0.2,-0.15,0.2067876000110981,-0.15551440599598204,0.2195460568493116,0.0,0.0,noise_only
110,110074,111074,1001,9.999999999763531,False,0.24313729774258086,0.2,-0.15,0.2260659979885774,0.09313729774258088,0.0,0.0,0.24863107502692672,brightness_only
111,111075,112075,1001,9.999999999763531,True,0.01586293303897157,0.2,-0.15,0.21586293303897158,-0.14868372576924088,0.07318537102203349,0.0,0.0,noise_only
112,112076,113076,1001,9.999999999763531,False,0.18027342187906553,0.2,-0.15,0.2914373232773088,0.030273421879065548,0.0,0.0,0.8258402612812171,brightness_only
113,113077,114077,1001,9.999999999763531,False,0.06391845932404357,0.2,-0.15,0.24763400265192095,-0.08608154067595643,0.9999602826192574,0.0,0.0,noise_only
114,114078,115078,1001,9.999999999763531,True,0.008179331033614068,0.2,-0.15,0.20817933103361408,-0.1484938323533879,0.15177139068677437,0.0,0.0,noise_only
115,115079,116079,1001,9.999999999763531,True,0.014981963552077149,0.2,-0.15,0.21498196355207716,-0.1517870027489003,0.4405137632950654,0.0,0.0,noise_only
116,116080,117080,1001,9.999999999763531,True,0.004781418588950287,0.2,-0.15,0.2038203903090938,-0.15478141858895028,0.08771965863059317,0.0,0.0,noise_only
117,117081,118081,1001,9.999999999763531,False,0.0732876725927884,0.2,-0.15,0.2732876725927884,-0.11250489068332718,0.5488800478035664,0.0,0.0,noise_only
118,118082,119082,1001,9.999999999763531,True,0.006664015154157404,0.2,-0.15,0.19782642423839475,-0.1433359848458426,0.0,0.6478898702642265,0.0,blur_only
119,119083,120083,1001,9.999999999763531,True,0.00943290121940496,0.2,-0.15,0.1993594048711389,-0.15943290121940495,0.0,0.0,0.379268681592447,brightness_only
120,120084,121084,1001,9.999999999763531,False,0.1998276999065562,0.2,-0.15,0.20925190078173628,0.049827699906556194,0.0,0.9634292925381869,0.0,blur_only
121,121085,122085,1001,9.999999999763531,False,0.2580746123980737,0.2,-0.15,0.1620967939905206,0.1080746123980737,0.0,0.16147095446401816,0.0,blur_only
122,122086,123086,1001,9.999999999763531,False,0.181368543842051,0.2,-0.15,0.22903481150585625,0.03136854384205101,0.0,0.0,0.9262214541495282,brightness_only
123,123087,124087,1001,9.999999999763531,False,0.1781680662089935,0.2,-0.15,0.1965921193906165,0.02816806620899351,0.8839950941931549,0.0,0.0,noise_only
124,124088,125088,1001,9.999999999763531,False,0.17252256890561948,0.2,-0.15,0.2911918727606479,0.022522568905619492,0.0,0.0,0.6882890271692266,brightness_only
125,125089,126089,1001,9.999999999763531,True,0.004091178870416351,0.2,-0.15,0.19590882112958366,-0.14646092760898188,0.0,0.5765931877837683,0.0,blur_only
126,126090,127090,1001,9.999999999763531,False,0.06857991749959261,0.2,-0.15,0.18870097749670706,-0.08142008250040739,0.0,0.06820864360707313,0.0,blur_only
127,127091,128091,1001,9.999999999763531,False,0.2842806889718917,0.2,-0.15,0.2562135939862851,0.1342806889718917,0.4039027531719419,0.0,0.0,noise_only
128,128092,129092,1001,9.999999999763531,False,0.14034219884438712,0.2,-0.15,0.2149544912266144,-0.009657801155612865,0.0,0.9490630794767654,0.0,blur_only
129,129093,130093,1001,9.999999999763531,False,0.22323352477823175,0.2,-0.15,0.19843795245591112,0.07323352477823175,0.696344868365003,0.0,0.0,noise_only
130,130094,131094,1001,9.999999999763531,True,0.0015623260854639165,0.2,-0.15,0.1984376739145361,-0.15034189622348595,0.0,0.0,0.558768061077989,brightness_only
131,131095,132095,1001,9.999999999763531,False,0.21495281599842547,0.2,-0.15,0.1954225963043672,0.06495281599842548,0.0,0.6667298707483272,0.0,blur_only
132,132096,133096,1001,9.999999999763531,True,0.011414562652016402,0.2,-0.15,0.2114145626520164,-0.15586296020189647,0.0,0.18577534758730785,0.0,blur_only
133,133097,134097,1001,9.999999999763531,True,0.0036114321638668623,0.2,-0.15,0.1999709786189608,-0.15361143216386686,0.0,0.0,0.8930136716240139,brightness_only
134,134098,135098,1001,9.999999999763531,False,0.14489501797093338,0.2,-0.15,0.22605906303649853,-0.005104982029066618,0.7238264829979195,0.0,0.0,noise_only
135,135099,136099,1001,9.999999999763531,True,0.008486842822668011,0.2,-0.15,0.1966947245510561,-0.14151315717733198,0.0,0.0,0.30467577507820565,brightness_only
136,136100,137100,1001,9.999999999763531,False,0.227056226986812,0.2,-0.15,0.2513445830737101,0.077056226986812,0.0,0.9869790685948561,0.0,blur_only
137,137101,138101,1001,9.999999999763531,False,0.05928601438812653,0.2,-0.15,0.25928601438812654,-0.10040210614625553,0.7150023345922292,0.0,0.0,noise_only
138,138102,139102,1001,9.999999999763531,False,0.26204982068438876,0.2,-0.15,0.19555742762613124,0.11204982068438876,0.0,0.0,0.7041761207864705,brightness_only
139,139103,140103,1001,9.999999999763531,False,0.10740653008002837,0.2,-0.15,0.28998028624981403,-0.04259346991997162,0.5800384582811782,0.0,0.0,noise_only
140,140104,141104,1001,9.999999999763531,False,0.26840389341380244,0.2,-0.15,0.2063560943346811,0.11840389341380246,0.0,0.0,0.903612984913313,brightness_only
141,141105,142105,1001,9.999999999763531,True,0.003715394759776558,0.2,-0.15,0.20040953015183396,-0.15371539475977655,0.0,0.0,0.19067259872899933,brightness_only
142,142106,143106,1001,9.999999999763531,False,0.28458548393977623,0.2,-0.15,0.20254703205784955,0.13458548393977626,0.0,0.2548673746167658,0.0,blur_only
143,143107,144107,1001,9.999999999763531,True,0.012091578424889893,0.2,-0.15,0.2120915784248899,-0.15651516979672475,0.0,0.0,0.7145770181987057,brightness_only
144,144108,145108,1001,9.999999999763531,True,0.012043331121158879,0.2,-0.15,0.20809632269393954,-0.13795666887884112,0.0,0.5257639747736155,0.0,blur_only
145,145109,146109,1001,9.999999999763531,True,0.010754011302943511,0.2,-0.15,0.1892459886970565,-0.15369050384028385,0.0,0.0,0.22813370825238355,brightness_only
146,146110,147110,1001,9.999999999763531,True,0.005536408716748958,0.2,-0.15,0.20553640871674897,-0.15417551894041753,0.0,0.0,0.4966719021824556,brightness_only
147,147111,148111,1001,9.999999999763531,True,0.013815677466975124,0.2,-0.15,0.1861843225330249,-0.14186544713321386,0.44362120674883077,0.0,0.0,noise_only
148,148112,149112,1001,9.999999999763531,False,0.08173467113105665,0.2,-0.15,0.28173467113105666,-0.07007590588241183,0.7820661645019722,0.0,0.0,noise_only
149,149113,150113,1001,9.999999999763531,True,0.014032949130960787,0.2,-0.15,0.18596705086903922,-0.1565910911749881,0.06362735819851417,0.0,0.0,noise_only
150,150114,151114,1001,9.999999999763531,True,0.00291493719945099,0.2,-0.15,0.20057370273554556,-0.15291493719945098,0.0,0.0,0.6166942375322214,brightness_only
151,151115,152115,1001,9.999999999763531,False,0.15586298592379547,0.2,-0.15,0.2468789822041651,0.005862985923795464,0.4468887640031184,0.0,0.0,noise_only
152,152116,153116,1001,9.999999999763531,False,0.2356852821754878,0.2,-0.15,0.2339775104071694,0.08568528217548779,0.0,0.7462720157727628,0.0,blur_only
153,153117,154117,1001,9.999999999763531,True,0.0054889918290263184,0.2,-0.15,0.20548899182902633,-0.1469448731929276,0.0,0.0,0.7100776141395296,brightness_only
154,154118,155118,1001,9.999999999763531,True,0.0009595880859154249,0.2,-0.15,0.1990404119140846,-0.1493799121779948,0.0,0.3545933768880811,0.0,blur_only
155,155119,156119,1001,9.999999999763531,True,0.00317924873079517,0.2,-0.15,0.20317924873079518,-0.15054039697591196,0.0,0.1686602515522001,0.0,blur_only
156,156120,157120,1001,9.999999999763531,True,0.006537844321323372,0.2,-0.15,0.20653784432132338,-0.14901242725990302,0.0,0.0,0.5188218871702539,brightness_only
157,157121,158121,1001,9.999999999763531,False,0.182627268525306,0.2,-0.15,0.26070735918695664,0.03262726852530601,0.0,0.0,0.9821239743791053,brightness_only
158,158122,159122,1001,9.999999999763531,True,0.004305134994137372,0.2,-0.15,0.20430513499413738,-0.14861721267199185,0.5225105704409289,0.0,0.0,noise_only
159,159123,160123,1001,9.999999999763531,False,0.2816599948930618,0.2,-0.15,0.2613345775329756,0.13165999489306182,0.5455262405240789,0.0,0.0,noise_only
160,160124,161124,1001,9.999999999763531,True,0.004188061721788289,0.2,-0.15,0.19742805187163492,-0.1458119382782117,0.044731388915428494,0.0,0.0,noise_only
161,161125,162125,1001,9.999999999763531,False,0.16208770977011472,0.2,-0.15,0.2330463730154497,0.012087709770114715,0.0,0.3828545459435123,0.0,blur_only
162,162126,163126,1001,9.999999999763531,False,0.2646463446857736,0.2,-0.15,0.21213714813750445,0.11464634468577359,0.39437358240167286,0.0,0.0,noise_only
163,163127,164127,1001,9.999999999763531,False,0.08452787492004714,0.2,-0.15,0.2523911345723131,-0.06547212507995286,0.8207335100457266,0.0,0.0,noise_only
164,164128,165128,1001,9.999999999763531,False,0.2582046931066623,0.2,-0.15,0.18101398197663168,0.10820469310666228,0.0,0.0,0.5716102519187446,brightness_only
165,165129,166129,1001,9.999999999763531,False,0.15756731256658288,0.2,-0.15,0.23833094112523934,0.007567312566582897,0.0,0.0,0.9847169611851903,brightness_only
166,166130,167130,1001,9.999999999763531,False,0.2953075058733081,0.2,-0.15,0.24101364523334645,0.14530750587330812,0.0,0.961812078372139,0.0,blur_only
167,167131,168131,1001,9.999999999763531,False,0.18330084908292116,0.2,-0.15,0.16614423035099396,0.03330084908292116,0.0,0.3930052216459927,0.0,blur_only
168,168132,169132,1001,9.999999999763531,True,0.005984831721655759,0.2,-0.15,0.19910719371970723,-0.15598483172165575,0.0,0.0,0.013093893034716086,brightness_only
169,169133,170133,1001,9.999999999763531,True,0.004130284064929712,0.2,-0.15,0.20413028406492972,-0.14658447950144193,0.0,0.0,0.7287886576404251,brightness_only
170,170134,171134,1001,9.999999999763531,True,0.014047462975220526,0.2,-0.15,0.21404746297522054,-0.14976754505292672,0.0,0.14557909552621384,0.0,blur_only
171,171135,172135,1001,9.999999999763531,False,0.11853669351891302,0.2,-0.15,0.26239182750971224,-0.03146330648108697,0.0,0.8619989803273352,0.0,blur_only
172,172136,173136,1001,9.999999999763531,False,0.09733822865832709,0.2,-0.15,0.2973382286583271,-0.13556897982852822,0.7101338504551472,0.0,0.0,noise_only
173,173137,174137,1001,9.999999999763531,True,0.008546950543491,0.2,-0.15,0.19503828230336126,-0.141453049456509,0.20692037578146838,0.0,0.0,noise_only
174,174138,175138,1001,9.999999999763531,True,0.004639810870252781,0.2,-0.15,0.2046398108702528,-0.15172562805693568,0.09982158252675621,0.0,0.0,noise_only
175,175139,176139,1001,9.999999999763531,True,0.004862988253455658,0.2,-0.15,0.20486298825345567,-0.15377348680236833,0.12061778976695436,0.0,0.0,noise_only
176,176140,177140,1001,9.999999999763531,False,0.29103759856841477,0.2,-0.15,0.24394998500524245,0.14103759856841477,0.9046001540834899,0.0,0.0,noise_only
177,177141,178141,1001,9.999999999763531,True,0.008498350636104463,0.2,-0.15,0.20382176947172745,-0.15849835063610446,0.11407484529792611,0.0,0.0,noise_only
178,178142,179142,1001,9.999999999763531,True,0.0033208918848318947,0.2,-0.15,0.19913212554597637,-0.1533208918848319,0.0,0.0956766630167053,0.0,blur_only
179,179143,180143,1001,9.999999999763531,True,0.0039681131535345415,0.2,-0.15,0.2029100820234292,-0.15396811315353454,0.5622918622964549,0.0,0.0,noise_only
180,180144,181144,1001,9.999999999763531,False,0.2954142985463356,0.2,-0.15,0.29217625358231797,0.1454142985463356,0.3639594384963434,0.0,0.0,noise_only
181,181145,182145,1001,9.999999999763531,False,0.0827480586817558,0.2,-0.15,0.2061874971116472,-0.06725194131824419,0.0,0.9031687805485913,0.0,blur_only
182,182146,183146,1001,9.999999999763531,False,0.18701336223914164,0.2,-0.15,0.2542397682964719,0.037013362239141645,0.9004161862065039,0.0,0.0,noise_only
183,183147,184147,1001,9.999999999763531,False,0.2933810519648937,0.2,-0.15,0.29064065264137284,0.14338105196489373,0.5575646379669971,0.0,0.0,noise_only
184,184148,185148,1001,9.999999999763531,False,0.12857511818958814,0.2,-0.15,0.17869072743114472,-0.02142488181041185,0.0,0.6924623034796279,0.0,blur_only
185,185149,186149,1001,9.999999999763531,True,0.0035661515247266407,0.2,-0.15,0.19825323431481895,-0.14643384847527335,0.0,0.0,0.07013646751961178,brightness_only
186,186150,187150,1001,9.999999999763531,True,0.005838404005453601,0.2,-0.15,0.2058384040054536,-0.15307629087515404,0.0,0.0,0.5141475772317182,brightness_only
187,187151,188151,1001,9.999999999763531,True,0.014726863109102234,0.2,-0.15,0.198322276981694,-0.13527313689089776,0.0,0.8057530976300772,0.0,blur_only
188,188152,189152,1001,9.999999999763531,False,0.2505968354029761,0.2,-0.15,0.22147791985289333,0.10059683540297613,0.0,0.9053653183439913,0.0,blur_only
189,189153,190153,1001,9.999999999763531,False,0.2904284172954667,0.2,-0.15,0.19957173877113588,0.1404284172954667,0.0,0.9540428389462502,0.0,blur_only
190,190154,191154,1001,9.999999999763531,False,0.25785575661268706,0.2,-0.15,0.2292906834768826,0.10785575661268705,0.0,0.7422132335871163,0.0,blur_only
191,191155,192155,1001,9.999999999763531,False,0.27576927408264396,0.2,-0.15,0.1844452438646104,0.12576927408264396,0.0,0.0,0.9184399598376877,brightness_only
192,192156,193156,1001,9.999999999763531,False,0.285009349320761,0.2,-0.15,0.22126618094026868,0.135009349320761,0.0,0.10240974798928049,0.0,blur_only
193,193157,194157,1001,9.999999999763531,False,0.18931760929084077,0.2,-0.15,0.2717378638929643,0.03931760929084077,0.7197961431008618,0.0,0.0,noise_only
194,194158,195158,1001,9.999999999763531,True,0.007736757380390008,0.2,-0.15,0.20773675738039002,-0.15232202211857435,0.45069194354571396,0.0,0.0,noise_only
195,195159,196159,1001,9.999999999763531,True,0.010873840674198554,0.2,-0.15,0.20256948061112143,-0.16087384067419855,0.44570947001352934,0.0,0.0,noise_only
196,196160,197160,1001,9.999999999763531,True,0.006400016329599301,0.2,-0.15,0.1935999836704007,-0.14632377195726207,0.0,0.0,0.22602264206664657,brightness_only
197,197161,198161,1001,9.999999999763531,True,0.009202860189317458,0.2,-0.15,0.19737438985664557,-0.15920286018931745,0.0,0.0,0.2599905800372816,brightness_only
198,198162,199162,1001,9.999999999763531,False,0.25382393395253267,0.2,-0.15,0.22552703248334463,0.10382393395253267,0.6205156698804026,0.0,0.0,noise_only
199,199163,200163,1001,9.999999999763531,True,0.006814238168822123,0.2,-0.15,0.20681423816882213,-0.14645359662507731,0.22547649406041603,0.0,0.0,noise_only
200,200164,201164,1001,9.999999999763531,False,0.2231697222647305,0.2,-0.15,0.25393381639021756,0.07316972226473051,0.0,0.8263593377373081,0.0,blur_only
201,201165,202165,1001,9.999999999763531,True,0.00886514258969337,0.2,-0.15,0.20886514258969338,-0.14483841032465203,0.0,0.0,0.5431259044479867,brightness_only
202,202166,203166,1001,9.999999999763531,False,0.2621424271387803,0.2,-0.15,0.2199228887987223,0.11214242713878028,0.0,0.0,0.9070837765737546,brightness_only
203,203167,204167,1001,9.999999999763531,True,0.009215006944825771,0.2,-0.15,0.20710039537623098,-0.15921500694482577,0.0,0.0,0.7111228519180384,brightness_only
204,204168,205168,1001,9.999999999763531,True,0.004204009970772943,0.2,-0.15,0.20420400997077295,-0.1483454615762796,0.0,0.13379993129497902,0.0,blur_only
205,205169,206169,1001,9.999999999763531,True,0.005456647965716044,0.2,-0.15,0.19454335203428397,-0.15448031821382296,0.030769590870022734,0.0,0.0,noise_only
206,206170,207170,1001,9.999999999763531,False,0.23805375021494704,0.2,-0.15,0.19318951213871552,0.08805375021494705,0.4676145656532804,0.0,0.0,noise_only
207,207171,208171,1001,9.999999999763531,True,0.0084957104545976,0.2,-0.15,0.2084957104545976,-0.15262138040489923,0.0,0.08069181303724304,0.0,blur_only
208,208172,209172,1001,9.999999999763531,False,0.10082236023419311,0.2,-0.15,0.2731407989803581,-0.04917763976580688,0.0,0.4832919069466788,0.0,blur_only
209,209173,210173,1001,9.999999999763531,True,0.007369478063189272,0.2,-0.15,0.20736947806318928,-0.14715234211498718,0.0,0.0,0.12426745699194264,brightness_only
210,210174,211174,1001,9.999999999763531,False,0.23016349029677674,0.2,-0.15,0.20921034982175776,0.08016349029677673,0.0,0.893577517269913,0.0,blur_only
211,211175,212175,1001,9.999999999763531,True,0.005226139459643703,0.2,-0.15,0.2052261394596437,-0.1462918379890397,0.0,0.05710081611291995,0.0,blur_only
212,212176,213176,1001,9.999999999763531,False,0.06477734375381328,0.2,-0.15,0.2647773437538133,-0.1696059870427411,0.0,0.0,0.6277608332093426,brightness_only
213,213177,214177,1001,9.999999999763531,False,0.09316068521027382,0.2,-0.15,0.22136622008925988,-0.056839314789726175,0.9097166480723925,0.0,0.0,noise_only
214,214178,215178,1001,9.999999999763531,True,0.010524292502400834,0.2,-0.15,0.21052429250240084,-0.1518815045131904,0.11061615993137386,0.0,0.0,noise_only
215,215179,216179,1001,9.999999999763531,False,0.07610131176325233,0.2,-0.15,0.1938431746291912,-0.07389868823674767,0.775824658549127,0.0,0.0,noise_only
216,216180,217180,1001,9.999999999763531,False,0.2906199332108774,0.2,-0.15,0.21618466165271702,0.1406199332108774,0.0,0.0,0.614593236426761,brightness_only
217,217181,218181,1001,9.999999999763531,True,0.006016804276678556,0.2,-0.15,0.19929131741995207,-0.14398319572332144,0.0,0.5047720866398436,0.0,blur_only
218,218182,219182,1001,9.999999999763531,True,0.005089282527147382,0.2,-0.15,0.19537959487233186,-0.15508928252714738,0.0,0.0,0.6541086231275843,brightness_only
219,219183,220183,1001,9.999999999763531,False,0.2461218576766554,0.2,-0.15,0.1964342903978921,0.0961218576766554,0.0,0.0,0.9957803091982,brightness_only
220,220184,221184,1001,9.999999999763531,True,0.00436306202051881,0.2,-0.15,0.1988817406320974,-0.1543630620205188,0.0,0.0,0.23500038306126247,brightness_only
221,221185,222185,1001,9.999999999763531,False,0.15484010001464968,0.2,-0.15,0.21240204829514472,0.004840100014649683,0.0,0.0,0.9427744815359748,brightness_only
222,222186,223186,1001,9.999999999763531,True,0.01911318728148559,0.2,-0.15,0.18088681271851442,-0.15566948549956275,0.1915546312360683,0.0,0.0,noise_only
223,223187,224187,1001,9.999999999763531,True,0.015655122935525706,0.2,-0.15,0.2131114046828281,-0.1656551229355257,0.0,0.9825208665098434,0.0,blur_only
224,224188,225188,1001,9.999999999763531,True,0.006255353809270975,0.2,-0.15,0.19831477078218832,-0.15625535380927097,0.0,0.0,0.7868517730804989,brightness_only
225,225189,226189,1001,9.999999999763531,True,0.003913282387487255,0.2,-0.15,0.20184956745480392,-0.14608671761251274,0.0,0.0,0.043991230007701665,brightness_only
226,226190,227190,1001,9.999999999763531,True,0.0024716085413604982,0.2,-0.15,0.2024716085413605,-0.14927523476979418,0.0,0.0,0.2000424906929309,brightness_only
227,227191,228191,1001,9.999999999763531,True,0.004451380513765035,0.2,-0.15,0.19554861948623498,-0.1469257836140936,0.0,0.0,0.4000122135252341,brightness_only
228,228192,229192,1001,9.999999999763531,False,0.23304407889295603,0.2,-0.15,0.29600812172612384,0.08304407889295604,0.6366527932551245,0.0,0.0,noise_only
229,229193,230193,1001,9.999999999763531,True,0.007470418434669057,0.2,-0.15,0.20436179287052214,-0.14252958156533094,0.0,0.9357836429540443,0.0,blur_only
230,230194,231194,1001,9.999999999763531,True,0.006079159833267428,0.2,-0.15,0.19985417298594402,-0.15607915983326742,0.0,0.0,0.22372356841312724,brightness_only
231,231195,232195,1001,9.999999999763531,True,0.008890766627885516,0.2,-0.15,0.20889076662788553,-0.14539806227292026,0.13092546256746496,0.0,0.0,noise_only
232,232196,233196,1001,9.999999999763531,True,0.008660873922861356,0.2,-0.15,0.1979423331827474,-0.15866087392286135,0.0,0.28748318285481267,0.0,blur_only
233,233197,234197,1001,9.999999999763531,True,0.013884716401815295,0.2,-0.15,0.2138847164018153,-0.15200026428891378,0.0,0.0,0.9124237210426774,brightness_only
234,234198,235198,1001,9.999999999763531,True,0.00727107768889107,0.2,-0.15,0.19772035264591084,-0.14272892231110892,0.0,0.20725481719479277,0.0,blur_only
235,235199,236199,1001,9.999999999763531,True,0.01842398406216883,0.2,-0.15,0.1894780384049945,-0.16842398406216882,0.0,0.0,0.2754962917102767,brightness_only
236,236200,237200,1001,9.999999999763531,False,0.18895008688231654,0.2,-0.15,0.2034520241069935,0.038950086882316555,0.7062543421132839,0.0,0.0,noise_only
237,237201,238201,1001,9.999999999763531,False,0.1358231118589332,0.2,-0.15,0.3358231118589332,-0.07534324784041885,0.17710740803440328,0.0,0.0,noise_only
238,238202,239202,1001,9.999999999763531,True,0.007683055018542856,0.2,-0.15,0.20764891961608253,-0.14231694498145714,0.0,0.22849195323342797,0.0,blur_only
239,239203,240203,1001,9.999999999763531,False,0.09525551535593475,0.2,-0.15,0.1925548635975309,-0.05474448464406524,0.6410048008852379,0.0,0.0,noise_only
240,240204,241204,1001,9.999999999763531,True,0.008851499463821855,0.2,-0.15,0.20297791250824976,-0.14114850053617814,0.0,0.0,0.3865838026880134,brightness_only
241,241205,242205,1001,9.999999999763531,False,0.08890092377082097,0.2,-0.15,0.24276910084713677,-0.061099076229179025,0.6782633348525523,0.0,0.0,noise_only
242,242206,243206,1001,9.999999999763531,True,0.008563299870522206,0.2,-0.15,0.20856329987052222,-0.1566715984536955,0.0,0.09389191930182372,0.0,blur_only
243,243207,244207,1001,9.999999999763531,False,0.21253840526098333,0.2,-0.15,0.230799208323715,0.06253840526098332,0.29991353428960177,0.0,0.0,noise_only
244,244208,245208,1001,9.999999999763531,False,0.05146583884519296,0.2,-0.15,0.25146583884519297,-0.13063834355970352,0.4861793775577429,0.0,0.0,noise_only
245,245209,246209,1001,9.999999999763531,False,0.07563923098408426,0.2,-0.15,0.2152640761114487,-0.07436076901591573,0.684158958623648,0.0,0.0,noise_only
246,246210,247210,1001,9.999999999763531,False,0.23027033842118091,0.2,-0.15,0.2036761341598304,0.08027033842118092,0.0,0.9877082146832167,0.0,blur_only
247,247211,248211,1001,9.999999999763531,False,0.2964124725489238,0.2,-0.15,0.21393066166675404,0.14641247254892378,0.32489504087583243,0.0,0.0,noise_only
248,248212,249212,1001,9.999999999763531,True,0.004011168813209093,0.2,-0.15,0.20184437229785943,-0.1540111688132091,0.0,0.00568156914040352,0.0,blur_only
249,249213,250213,1001,9.999999999763531,True,0.0019373569898667176,0.2,-0.15,0.20071365447241646,-0.14806264301013328,0.21248669015287303,0.0,0.0,noise_only
250,250214,251214,1001,9.999999999763531,False,0.04162722848704917,0.2,-0.15,0.21468323213867352,-0.10837277151295083,0.0,0.8938520690807142,0.0,blur_only
251,251215,252215,1001,9.999999999763531,False,0.18553622385251586,0.2,-0.15,0.22130805114236085,0.03553622385251587,0.6814784302834459,0.0,0.0,noise_only
252,252216,253216,1001,9.999999999763531,False,0.2836071661250985,0.2,-0.15,0.21937865620384236,0.13360716612509851,0.5903818799938433,0.0,0.0,noise_only
253,253217,254217,1001,9.999999999763531,False,0.07661250857914781,0.2,-0.15,0.22125691885262377,-0.07338749142085219,0.0,0.8827238390786553,0.0,blur_only
254,254218,255218,1001,9.999999999763531,False,0.2629565935624464,0.2,-0.15,0.25091039808363647,0.11295659356244642,0.21338754809360605,0.0,0.0,noise_only
255,255219,256219,1001,9.999999999763531,False,0.09357193623361736,0.2,-0.15,0.21567473382916072,-0.05642806376638264,0.948146565178872,0.0,0.0,noise_only
256,256220,257220,1001,9.999999999763531,True,0.0051017550761383035,0.2,-0.15,0.20510175507613831,-0.1544460401323405,0.0,0.0,0.08312961108791828,brightness_only
257,257221,258221,1001,9.999999999763531,True,0.008374830477048095,0.2,-0.15,0.2004797636943298,-0.1583748304770481,0.0,0.12270761957626031,0.0,blur_only
258,258222,259222,1001,9.999999999763531,True,0.0015024666612697135,0.2,-0.15,0.19913463216181354,-0.1515024666612697,0.0,0.0,0.5122627776755164,brightness_only
259,259223,260223,1001,9.999999999763531,False,0.21238658928125714,0.2,-0.15,0.26992017988582145,0.06238658928125715,0.8157721516557687,0.0,0.0,noise_only
260,260224,261224,1001,9.999999999763531,False,0.2191467907553707,0.2,-0.15,0.23734253357704913,0.0691467907553707,0.0,0.5216636654878651,0.0,blur_only
261,261225,262225,1001,9.999999999763531,True,0.007867322210505623,0.2,-0.15,0.20334199029543631,-0.15786732221050562,0.0,0.0,0.10876464572585609,brightness_only
262,262226,263226,1001,9.999999999763531,False,0.056586863377404054,0.2,-0.15,0.19087504153615797,-0.09341313662259594,0.0,0.9245870163972076,0.0,blur_only
263,263227,264227,1001,9.999999999763531,False,0.2844887962498348,0.2,-0.15,0.2608315903355954,0.1344887962498348,0.0,0.0,0.9461136613110903,brightness_only
264,264228,265228,1001,9.999999999763531,False,0.2901580869340941,0.2,-0.15,0.2770093237485033,0.14015808693409412,0.5754700469382888,0.0,0.0,noise_only
265,265229,266229,1001,9.999999999763531,True,0.0044979246666628225,0.2,-0.15,0.1998600481138262,-0.15449792466666282,0.0,0.8421506197599185,0.0,blur_only
266,266230,267230,1001,9.999999999763531,False,0.041536483928125256,0.2,-0.15,0.24153648392812527,-0.1519946565992722,0.0,0.9735420652110279,0.0,blur_only
267,267231,268231,1001,9.999999999763531,True,0.008725519877998883,0.2,-0.15,0.2087255198779989,-0.15317357861043918,0.0,0.0,0.8791510456882643,brightness_only
268,268232,269232,1001,9.999999999763531,True,0.0037479865004163837,0.2,-0.15,0.19691747284763852,-0.15374798650041638,0.0,0.13456835616976348,0.0,blur_only
269,269233,270233,1001,9.999999999763531,False,0.1738874677054929,0.2,-0.15,0.2992427624882804,0.02388746770549291,0.0,0.9542537844291967,0.0,blur_only
270,270234,271234,1001,9.999999999763531,True,0.009836162639052709,0.2,-0.15,0.20963721226568457,-0.14016383736094729,0.0,0.3864104813625988,0.0,blur_only
271,271235,272235,1001,9.999999999763531,True,0.004954179291473543,0.2,-0.15,0.20265044276914862,-0.15495417929147354,0.2168816998488795,0.0,0.0,noise_only
272,272236,273236,1001,9.999999999763531,False,0.28533099680434015,0.2,-0.15,0.18020694955757038,0.13533099680434016,0.0,0.9285380920347106,0.0,blur_only
273,273237,274237,1001,9.999999999763531,True,0.010641374285855792,0.2,-0.15,0.2106413742858558,-0.1482563636601101,0.0,0.0,0.660095797123293,brightness_only
274,274238,275238,1001,9.999999999763531,True,0.0015703712932819969,0.2,-0.15,0.19851972832520817,-0.151570371293282,0.0,0.02002735742618922,0.0,blur_only
275,275239,276239,1001,9.999999999763531,False,0.22014675848810733,0.2,-0.15,0.20741691785285193,0.07014675848810734,0.5638383549906699,0.0,0.0,noise_only
276,276240,277240,1001,9.999999999763531,False,0.2771975258517617,0.2,-0.15,0.266598666556644,0.12719752585176175,0.4621238461368503,0.0,0.0,noise_only
277,277241,278241,1001,9.999999999763531,False,0.023835167708060073,0.2,-0.15,0.20747667095624736,-0.12616483229193992,0.0,0.0,0.8898769546607032,brightness_only
278,278242,279242,1001,9.999999999763531,True,0.008409508730903459,0.2,-0.15,0.2058391684289853,-0.15840950873090345,0.013642432782718705,0.0,0.0,noise_only
279,279243,280243,1001,9.999999999763531,False,0.08534739193202316,0.2,-0.15,0.18851875514575195,-0.06465260806797683,0.0,0.5787424204550342,0.0,blur_only
280,280244,281244,1001,9.999999999763531,False,0.1697813708475666,0.2,-0.15,0.2865137033287754,0.0197813708475666,0.0,0.7504745593918377,0.0,blur_only
281,281245,282245,1001,9.999999999763531,True,0.003916075206067737,0.2,-0.15,0.19608392479393227,-0.15347755024138043,0.0,0.8927076207849779,0.0,blur_only
282,282246,283246,1001,9.999999999763531,True,0.0067048867001252566,0.2,-0.15,0.20670488670012527,-0.15455837916013138,0.0,0.0,0.046196647323805795,brightness_only
283,283247,284247,1001,9.999999999763531,False,0.126925714910022,0.2,-0.15,0.2806460322381342,-0.023074285089977997,0.8377158681357821,0.0,0.0,noise_only
284,284248,285248,1001,9.999999999763531,False,0.1572383522527192,0.2,-0.15,0.19824816898408776,0.00723835225271921,0.5983332385686975,0.0,0.0,noise_only
285,285249,286249,1001,9.999999999763531,False,0.19786695276772004,0.2,-0.15,0.23193298395255874,0.047866952767720045,0.0,0.0,0.9658087778656812,brightness_only
286,286250,287250,1001,9.999999999763531,True,0.008806673714348512,0.2,-0.15,0.20880667371434852,-0.15161406983304587,0.0,0.0,0.7229191022059932,brightness_only
287,287251,288251,1001,9.999999999763531,True,0.006082985168841787,0.2,-0.15,0.2060829851688418,-0.15327211058236762,0.0,0.0,0.23082699526557038,brightness_only
288,288252,289252,1001,9.999999999763531,True,0.002157761429211369,0.2,-0.15,0.20215776142921138,-0.14849235337354758,0.29208388543492503,0.0,0.0,noise_only
289,289253,290253,1001,9.999999999763531,False,0.053541324008001545,0.2,-0.15,0.25354132400800156,-0.16471523255182718,0.0,0.565892698492171,0.0,blur_only
290,290254,291254,1001,9.999999999763531,False,0.21617210663176517,0.2,-0.15,0.19829169758392065,0.06617210663176518,0.3942709878863915,0.0,0.0,noise_only
291,291255,292255,1001,9.999999999763531,True,0.007462530060783568,0.2,-0.15,0.20746253006078358,-0.14633432062768167,0.0,0.19455675114692517,0.0,blur_only
292,292256,293256,1001,9.999999999763531,True,0.010230624711011493,0.2,-0.15,0.2102306247110115,-0.15289298197271492,0.0,0.6465515840660822,0.0,blur_only
293,293257,294257,1001,9.999999999763531,True,0.00731266742851952,0.2,-0.15,0.204282166278978,-0.15731266742851951,0.0,0.0829210694337531,0.0,blur_only
294,294258,295258,1001,9.999999999763531,True,0.019734973188353988,0.2,-0.15,0.219734973188354,-0.15066212544929294,0.0,0.4396051066689165,0.0,blur_only
295,295259,296259,1001,9.999999999763531,True,0.010272992150233334,0.2,-0.15,0.18972700784976668,-0.1493361595559612,0.0,0.4170970183889806,0.0,blur_only
296,296260,297260,1001,9.999999999763531,True,0.013026120317396,0.2,-0.15,0.213026120317396,-0.14918662641503208,0.0,0.30232711491651876,0.0,blur_only
297,297261,298261,1001,9.999999999763531,True,0.004232155046454911,0.2,-0.15,0.20423215504645492,-0.1504011925040351,0.37686684933918546,0.0,0.0,noise_only
298,298262,299262,1001,9.999999999763531,True,0.003425808947143033,0.2,-0.15,0.19905185655678517,-0.14657419105285696,0.0,0.0,0.5252477813976288,brightness_only
299,299263,300263,1001,9.999999999763531,True,0.003751118680403176,0.2,-0.15,0.2037511186804032,-0.14966386077768792,0.0,0.0,0.8065068216826152,brightness_only
300,300264,301264,1001,9.999999999763531,True,0.009537117713483034,0.2,-0.15,0.20953711771348305,-0.14816715883774423,0.0,0.0,0.2913470464497966,brightness_only
301,301265,302265,1001,9.999999999763531,False,0.0917754636204576,0.2,-0.15,0.1600762129273458,-0.058224536379542384,0.5144990236040928,0.0,0.0,noise_only
302,302266,303266,1001,9.999999999763531,True,0.008866659821703454,0.2,-0.15,0.19947057642775604,-0.14113334017829654,0.29501091068996455,0.0,0.0,noise_only
303,303267,304267,1001,9.999999999763531,True,0.00514779976119592,0.2,-0.15,0.19788661042598696,-0.15514779976119591,0.08063246998357965,0.0,0.0,noise_only
304,304268,305268,1001,9.999999999763531,False,0.18920089947145197,0.2,-0.15,0.24339959422389248,0.03920089947145197,0.0,0.0,0.9710984970767337,brightness_only
305,305269,306269,1001,9.999999999763531,False,0.09372204364889578,0.2,-0.15,0.2590697764448611,-0.056277956351104226,0.0,0.808739046322798,0.0,blur_only
306,306270,307270,1001,9.999999999763531,False,0.2685594522884376,0.2,-0.15,0.19457704263685296,0.11855945228843756,0.059085829177528804,0.0,0.0,noise_only
307,307271,308271,1001,9.999999999763531,False,0.09745830418431378,0.2,-0.15,0.2974583041843138,-0.08935890934017665,0.723826064158393,0.0,0.0,noise_only
308,308272,309272,1001,9.999999999763531,False,0.1769487269031475,0.2,-0.15,0.27539394446844284,0.026948726903147507,0.48025856894815433,0.0,0.0,noise_only
309,309273,310273,1001,9.999999999763531,True,0.008354093973506893,0.2,-0.15,0.19856662926214924,-0.1583540939735069,0.0,0.0,0.7466645165005863,brightness_only
310,310274,311274,1001,9.999999999763531,True,0.00139572313306488,0.2,-0.15,0.19860427686693513,-0.15027148396276335,0.0,0.0,0.6196015474822851,brightness_only
311,311275,312275,1001,9.999999999763531,False,0.2146997915948067,0.2,-0.15,0.19128759158570247,0.06469979159480671,0.37282738233871004,0.0,0.0,noise_only
312,312276,313276,1001,9.999999999763531,True,0.008742034971139762,0.2,-0.15,0.20874203497113977,-0.15223756750979883,0.0,0.08571505476026609,0.0,blur_only
313,313277,314277,1001,9.999999999763531,True,0.0029735053941059575,0.2,-0.15,0.1977520244886092,-0.14702649460589404,0.3591277769173077,0.0,0.0,noise_only
314,314278,315278,1001,9.999999999763531,False,0.07985064834940399,0.2,-0.15,0.26332238859899154,-0.070149351650596,0.9886607092108365,0.0,0.0,noise_only
315,315279,316279,1001,9.999999999763531,True,0.0030663564775165186,0.2,-0.15,0.20300085866597906,-0.14693364352248348,0.0,0.0,0.11243954163218395,brightness_only
316,316280,317280,1001,9.999999999763531,True,0.00496756463858794,0.2,-0.15,0.20330956147398843,-0.14503243536141205,0.1390767487841046,0.0,0.0,noise_only
317,317281,318281,1001,9.999999999763531,False,0.29148305389817664,0.2,-0.15,0.2927899164531092,0.14148305389817664,0.4471888658832348,0.0,0.0,noise_only
318,318282,319282,1001,9.999999999763531,True,0.0066467787559781055,0.2,-0.15,0.1933532212440219,-0.15443072967008503,0.0,0.0,0.5655987514816256,brightness_only
319,319283,320283,1001,9.999999999763531,False,0.06774824167698335,0.2,-0.15,0.26774824167698336,-0.14495562630860742,0.4995632362037754,0.0,0.0,noise_only
320,320284,321284,1001,9.999999999763531,False,0.25578248930873076,0.2,-0.15,0.32255939969420505,0.10578248930873078,0.17310441399537813,0.0,0.0,noise_only
321,321285,322285,1001,9.999999999763531,True,0.0038572044970348884,0.2,-0.15,0.20088233284861876,-0.15385720449703488,0.0,0.0,0.30704833485798266,brightness_only
322,322286,323286,1001,9.999999999763531,False,0.0636354670065755,0.2,-0.15,0.20434179832400595,-0.08636453299342449,0.9636941287400591,0.0,0.0,noise_only
323,323287,324287,1001,9.999999999763531,True,0.0028884972027644618,0.2,-0.15,0.20091473732697646,-0.14711150279723553,0.0,0.0,0.14518545956093076,brightness_only
324,324288,325288,1001,9.999999999763531,False,0.021178453916882084,0.2,-0.15,0.2211784539168821,-0.15665051590321022,0.0,0.557323269846444,0.0,blur_only
325,325289,326289,1001,9.999999999763531,True,0.0052166154016423105,0.2,-0.15,0.1997283651214346,-0.1552166154016423,0.0,0.007730010729600778,0.0,blur_only
326,326290,327290,1001,9.999999999763531,True,0.016399486507583938,0.2,-0.15,0.19845430956076857,-0.16639948650758393,0.0,0.2747531445646476,0.0,blur_only
327,327291,328291,1001,9.999999999763531,True,0.010175690291172268,0.2,-0.15,0.21017569029117228,-0.159988367158785,0.25147822668513964,0.0,0.0,noise_only
328,328292,329292,1001,9.999999999763531,True,0.019636062055641806,0.2,-0.15,0.1803639379443582,-0.14841886457064926,0.0,0.0,0.5160315918247165,brightness_only
329,329293,330293,1001,9.999999999763531,True,0.017599831394658483,0.2,-0.15,0.2175998313946585,-0.16148192983276702,0.0,0.0,0.9707171434286646,brightness_only
330,330294,331294,1001,9.999999999763531,False,0.046793693102127776,0.2,-0.15,0.23716146803848942,-0.10320630689787222,0.8041269228268589,0.0,0.0,noise_only
331,331295,332295,1001,9.999999999763531,False,0.16253172672240376,0.2,-0.15,0.18435602529908307,0.012531726722403769,0.7564792474070707,0.0,0.0,noise_only
332,332296,333296,1001,9.999999999763531,True,0.0019147796389972216,0.2,-0.15,0.1980852203610028,-0.1507395836748399,0.0,0.0,0.27289409354756,brightness_only
333,333297,334297,1001,9.999999999763531,False,0.060487909150473085,0.2,-0.15,0.20913865430104636,-0.21048790915047308,0.0,0.0,0.6704776056831135,brightness_only
334,334298,335298,1001,9.999999999763531,False,0.21729291127285777,0.2,-0.15,0.2683612921256522,0.06729291127285779,0.0,0.0,0.9558182586510333,brightness_only
335,335299,336299,1001,9.999999999763531,False,0.2559176102358656,0.2,-0.15,0.19055749308763417,0.10591761023586563,0.22190517414046862,0.0,0.0,noise_only
336,336300,337300,1001,9.999999999763531,False,0.11912468115983033,0.2,-0.15,0.24814704997195136,-0.030875318840169672,0.0,0.34149292751460414,0.0,blur_only
337,337301,338301,1001,9.999999999763531,True,0.009693957494159466,0.2,-0.15,0.20323218963329356,-0.15969395749415946,0.0,0.0,0.45068329955568165,brightness_only
338,338302,339302,1001,9.999999999763531,False,0.23155844246135385,0.2,-0.15,0.27687613657641286,0.08155844246135385,0.9032273653229309,0.0,0.0,noise_only
339,339303,340303,1001,9.999999999763531,True,0.013856023498069664,0.2,-0.15,0.20350426449680584,-0.16385602349806966,0.0,0.0,0.3457668531644823,brightness_only
340,340304,341303,1000,9.990000001013868,True,0.006962057451402881,0.2,-0.15,0.19971803759846934,-0.15696205745140288,0.0,0.0,0.5453475725627153,brightness_only
341,341304,342303,1000,9.99000000203523,True,0.01261950849351115,0.2,-0.15,0.18738049150648886,-0.14575081676017482,0.0,0.5840609759182523,0.0,blur_only
342,342304,343303,1000,9.99000000203523,True,0.013721182203088489,0.2,-0.15,0.2137211822030885,-0.1365482472703601,0.0,0.6466252443526709,0.0,blur_only
343,343304,344303,1000,9.99000000203523,True,0.0037949144544829894,0.2,-0.15,0.19620508554551702,-0.14919157701052813,0.0,0.0,0.6035517713434772,brightness_only
344,344304,345303,1000,9.99000000203523,False,0.28409251447213635,0.2,-0.15,0.2756569836235222,0.13409251447213635,0.5097608954710323,0.0,0.0,noise_only
345,345304,346303,1000,9.99000000203523,False,0.048696146618090755,0.2,-0.15,0.18339479192572639,-0.10130385338190924,0.04418728479224221,0.0,0.0,noise_only
346,346304,347303,1000,9.99000000203523,True,0.010547771309862147,0.2,-0.15,0.20360540536737665,-0.16054777130986214,0.08457331696156811,0.0,0.0,noise_only
347,347304,348303,1000,9.99000000203523,True,0.01960995563609444,0.2,-0.15,0.21960995563609445,-0.16040572555303625,0.0,0.2046913530155582,0.0,blur_only
348,348304,349303,1000,9.99000000203523,True,0.004012971417523187,0.2,-0.15,0.2040129714175232,-0.1502065992826954,0.0,0.2363944138242463,0.0,blur_only
349,349304,350303,1000,9.99000000203523,True,0.010463123194707658,0.2,-0.15,0.19259170629707215,-0.16046312319470765,0.0,0.3383633178240709,0.0,blur_only
350,350304,351303,1000,9.99000000203523,False,0.11048262264845672,0.2,-0.15,0.23590603108362215,-0.03951737735154327,0.0,0.9169938093846584,0.0,blur_only
351,351304,352303,1000,9.99000000203523,True,0.010674595344783405,0.2,-0.15,0.19190356322706711,-0.1606745953447834,0.0,0.0,0.6064157270867114,brightness_only
352,352304,353303,1000,9.99000000203523,True,0.005666090096142384,0.2,-0.15,0.2056660900961424,-0.15293765205163426,0.0,0.0,0.20965083999621936,brightness_only
353,353304,354303,1000,9.99000000203523,True,0.013428075175520277,0.2,-0.15,0.19582305547481646,-0.13657192482447972,0.3296541867886239,0.0,0.0,noise_only
354,354304,355303,1000,9.99000000203523,True,0.0029598663892073385,0.2,-0.15,0.19763232582330176,-0.14704013361079266,0.0,0.20492364576146227,0.0,blur_only
355,355304,356303,1000,9.99000000203523,False,0.1953308089418292,0.2,-0.15,0.21921288130832592,0.04533080894182921,0.0,0.9163667265691501,0.0,blur_only
356,356304,357303,1000,9.99000000203523,True,0.01130860034826911,0.2,-0.15,0.21130860034826912,-0.1430039935778318,0.0,0.0,0.06352417978682101,brightness_only
357,357304,358303,1000,9.99000000203523,True,0.0057034339222809816,0.2,-0.15,0.205703433922281,-0.1488321363528187,0.30396810860155565,0.0,0.0,noise_only
358,358304,359303,1000,9.99000000203523,True,0.011388581243906765,0.2,-0.15,0.21138858124390678,-0.15120293507326657,0.1040270598296621,0.0,0.0,noise_only
359,359304,360303,1000,9.99000000203523,True,0.018237726668136833,0.2,-0.15,0.20174382336704474,-0.16823772666813683,0.0,0.03983648150867247,0.0,blur_only
360,360304,361303,1000,9.99000000203523,True,0.013905246250447562,0.2,-0.15,0.21366385562014023,-0.13609475374955243,0.0,0.5789173549321595,0.0,blur_only
361,361304,362303,1000,9.99000000203523,False,0.20080705152135161,0.2,-0.15,0.2676228066800481,0.05080705152135162,0.0,0.7681574755517141,0.0,blur_only
362,362304,363303,1000,9.99000000203523,False,0.1123145388076846,0.2,-0.15,0.22416689336056211,-0.037685461192315396,0.0,0.0,0.9176773668815977,brightness_only
363,363304,364303,1000,9.99000000203523,True,0.010091349333726102,0.2,-0.15,0.21002101312643817,-0.1600913493337261,0.0,0.7558871991484742,0.0,blur_only
364,364304,365303,1000,9.99000000203523,False,0.27645558489517075,0.2,-0.15,0.222716777600444,0.12645558489517075,0.0,0.0,0.5518925414523064,brightness_only
365,365304,366303,1000,9.99000000203523,True,0.0006356295718538407,0.2,-0.15,0.19936437042814617,-0.14945844519583606,0.0,0.12273540209153255,0.0,blur_only
366,366304,367303,1000,9.99000000203523,False,0.2121474573793255,0.2,-0.15,0.20464993242800805,0.062147457379325505,0.8663917884196669,0.0,0.0,noise_only
367,367304,368303,1000,9.99000000203523,True,0.0027584972208830327,0.2,-0.15,0.20089396273052806,-0.14724150277911696,0.0,0.0,0.2621295938414673,brightness_only
368,368304,369303,1000,9.99000000203523,False,0.10511557718937238,0.2,-0.15,0.24983218488052455,-0.044884422810627614,0.6818741833441059,0.0,0.0,noise_only
369,369304,370303,1000,9.99000000203523,False,0.24699674907843713,0.2,-0.15,0.21267788964459716,0.09699674907843714,0.0,0.9427800181071138,0.0,blur_only
370,370304,371303,1000,9.99000000203523,True,0.006896896993365598,0.2,-0.15,0.2068968969933656,-0.155734521424202,0.0,0.5510755256890862,0.0,blur_only
371,371304,372303,1000,9.99000000203523,True,0.008286629912622606,0.2,-0.15,0.1917133700873774,-0.15090747766875515,0.0,0.20295987440714913,0.0,blur_only
372,372304,373303,1000,9.99000000203523,False,0.2932570310927535,0.2,-0.15,0.23335772683555722,0.14325703109275345,0.321439440645535,0.0,0.0,noise_only
373,373304,374303,1000,9.99000000203523,True,0.01077413500444735,0.2,-0.15,0.1961871860252527,-0.13922586499555265,0.0,0.2207322149987938,0.0,blur_only
374,374304,375303,1000,9.99000000203523,False,0.27501798371697816,0.2,-0.15,0.3055585808016403,0.12501798371697814,0.2708232117025047,0.0,0.0,noise_only
375,375304,376303,1000,9.99000000203523,True,0.0077312381758818105,0.2,-0.15,0.1922687618241182,-0.14839086320986514,0.2761019111472275,0.0,0.0,noise_only
376,376304,377303,1000,9.99000000203523,False,0.3370747021949517,0.2,-0.15,0.26040611849733397,0.18707470219495173,0.0,0.0,0.5274862558907865,brightness_only
377,377304,378303,1000,9.99000000203523,True,0.0055270647868138345,0.2,-0.15,0.19447293521318618,-0.15121714819434615,0.12169193244940468,0.0,0.0,noise_only
378,378304,379303,1000,9.99000000203523,False,0.18871238501093698,0.2,-0.15,0.2246951530037908,0.03871238501093699,0.47282983167390535,0.0,0.0,noise_only
379,379304,380303,1000,9.99000000203523,False,0.18214197070641314,0.2,-0.15,0.1898776457373035,0.03214197070641314,0.9363312497673268,0.0,0.0,noise_only
380,380304,381303,1000,9.99000000203523,False,0.1718543296259039,0.2,-0.15,0.19244866144070855,0.021854329625903918,0.9917493169831042,0.0,0.0,noise_only
381,381304,382303,1000,9.99000000203523,False,0.28051474850514135,0.2,-0.15,0.3047436953614343,0.1305147485051414,0.0,0.0,0.2783965222685394,brightness_only
382,382304,383303,1000,9.99000000203523,True,0.0019939394630529017,0.2,-0.15,0.20091811850387503,-0.1480060605369471,0.0,0.0,0.28770245043331955,brightness_only
383,383304,384303,1000,9.99000000203523,True,0.005404550327390678,0.2,-0.15,0.2054045503273907,-0.14817650436647745,0.0,0.22425837884595468,0.0,blur_only
384,384304,385303,1000,9.99000000203523,True,0.009923257145292907,0.2,-0.15,0.20992325714529292,-0.15143800189937043,0.15858364047109552,0.0,0.0,noise_only
385,385304,386303,1000,9.99000000203523,True,0.016001408154582036,0.2,-0.15,0.18399859184541797,-0.13786245265664968,0.0,0.5084518539337354,0.0,blur_only
386,386304,387303,1000,9.99000000203523,True,0.01630953702706381,0.2,-0.15,0.1836904629729362,-0.14353536137923845,0.0,0.6515457404416379,0.0,blur_only
387,387304,388303,1000,9.99000000203523,True,0.005307804148883849,0.2,-0.15,0.19616646202123708,-0.14469219585111615,0.0,0.46835065192427106,0.0,blur_only
388,388304,389303,1000,9.99000000203523,False,0.09110337182609773,0.2,-0.15,0.1993584423197526,-0.05889662817390226,0.0,0.0,0.9879180827277534,brightness_only
389,389304,390303,1000,9.99000000203523,False,0.14838462299571528,0.2,-0.15,0.25726015282691955,-0.0016153770042847137,0.8392349669556767,0.0,0.0,noise_only
390,390304,391303,1000,9.99000000203523,True,0.0053012480196289735,0.2,-0.15,0.20221101052793194,-0.15530124801962897,0.0,0.0,0.06989429554805726,brightness_only
391,391304,392303,1000,9.99000000203523,True,0.006406104134739188,0.2,-0.15,0.19359389586526082,-0.15176658724683773,0.0,0.0,0.7283891032335148,brightness_only
392,392304,393303,1000,9.99000000203523,False,0.2547305210242537,0.2,-0.15,0.15685700740277284,0.10473052102425372,0.0,0.0,0.5611656478157976,brightness_only
393,393304,394303,1000,9.99000000203523,True,0.0039314008844684445,0.2,-0.15,0.20393140088446846,-0.14958993951495883,0.0,0.010493396367213914,0.0,blur_only
394,394304,395303,1000,9.99000000203523,False,0.20625340004773446,0.2,-0.15,0.2070320672822978,0.056253400047734464,0.2819629348957259,0.0,0.0,noise_only
395,395304,396303,1000,9.99000000203523,True,0.008632649745900722,0.2,-0.15,0.20326605971360026,-0.14136735025409927,0.0,0.679171432705382,0.0,blur_only
396,396304,397303,1000,9.99000000203523,True,0.00556196795733252,0.2,-0.15,0.20107218729761778,-0.14443803204266747,0.0,0.0,0.10983089401460977,brightness_only
397,397304,398303,1000,9.99000000203523,False,0.28645692141363466,0.2,-0.15,0.2049416336517067,0.13645692141363464,0.0,0.0,0.762409088122192,brightness_only
398,398304,399303,1000,9.99000000203523,False,0.14819587445427432,0.2,-0.15,0.24462905299623472,-0.0018041255457256766,0.7109466334824178,0.0,0.0,noise_only
399,399304,400303,1000,9.99000000203523,True,0.01708084928855441,0.2,-0.15,0.20931984854550156,-0.1670808492885544,0.0,0.0,0.2181286736965845,brightness_only
400,400304,401303,1000,9.99000000203523,True,0.009791604377932084,0.2,-0.15,0.2097916043779321,-0.14777718001647913,0.0,0.0,0.6746138498661575,brightness_only
401,401304,402303,1000,9.99000000203523,False,0.23975583875889353,0.2,-0.15,0.19985287767260088,0.08975583875889354,0.7522885637961441,0.0,0.0,noise_only
402,402304,403303,1000,9.99000000203523,True,0.008005074456056444,0.2,-0.15,0.20470741728849567,-0.14199492554394355,0.2565318198067461,0.0,0.0,noise_only
403,403304,404303,1000,9.99000000203523,False,0.14335945747874237,0.2,-0.15,0.24613049329072537,-0.00664054252125762,0.27647744953741615,0.0,0.0,noise_only
404,404304,405303,1000,9.99000000203523,True,0.014305570216378793,0.2,-0.15,0.2143055702163788,-0.1535138592033215,0.36939375595097723,0.0,0.0,noise_only
405,405304,406303,1000,9.99000000203523,False,0.2509941738566955,0.2,-0.15,0.22751696685227454,0.10099417385669548,0.0,0.7754420966009922,0.0,blur_only
406,406304,407303,1000,9.99000000203523,True,0.007648849072906833,0.2,-0.15,0.19235115092709318,-0.1477461827121362,0.0,0.6236544848289024,0.0,blur_only
407,407304,408303,1000,9.99000000203523,False,0.1715330009269766,0.2,-0.15,0.24766823266265744,0.021533000926976617,0.0,0.566371510633233,0.0,blur_only
408,408304,409303,1000,9.99000000203523,True,0.005110064439850792,0.2,-0.15,0.2051100644398508,-0.1496756626749026,0.0,0.13517105731618195,0.0,blur_only
409,409304,410303,1000,9.99000000203523,False,0.05241632951567915,0.2,-0.15,0.23029183495285985,-0.20241632951567914,0.15037803462048005,0.0,0.0,noise_only
410,410304,411303,1000,9.99000000203523,False,0.27351166043221414,0.2,-0.15,0.23629805455259884,0.12351166043221416,0.0,0.7841687324606752,0.0,blur_only
411,411304,412303,1000,9.99000000203523,True,0.0026334033351228803,0.2,-0.15,0.2026334033351229,-0.149980183709155,0.0,0.05218851046713968,0.0,blur_only
412,412304,413303,1000,9.99000000203523,True,0.010592708856485944,0.2,-0.15,0.21059270885648596,-0.1553400937504369,0.0,0.0,0.2611454665967968,brightness_only
413,413304,414303,1000,9.99000000203523,True,0.007165065949086419,0.2,-0.15,0.1928349340509136,-0.14663771590228394,0.0,0.0,0.4569200379046311,brightness_only
414,414304,415303,1000,9.99000000203523,True,0.008509354991374618,0.2,-0.15,0.20850935499137463,-0.15113109110541806,0.05810485950017252,0.0,0.0,noise_only
415,415304,416303,1000,9.99000000203523,True,0.005963076051123589,0.2,-0.15,0.20435078106960375,-0.15596307605112358,0.0,0.14444174960181666,0.0,blur_only
416,416304,417303,1000,9.99000000203523,False,0.27375850816059905,0.2,-0.15,0.22604569246547293,0.12375850816059905,0.0,0.7849238954360479,0.0,blur_only
417,417304,418303,1000,9.99000000203523,True,0.010968518407905498,0.2,-0.15,0.20170207862408152,-0.1390314815920945,0.0,0.33834401124390123,0.0,blur_only
418,418304,419303,1000,9.99000000203523,True,0.014925297687039124,0.2,-0.15,0.20184246546269913,-0.13507470231296087,0.0,0.6522366715521845,0.0,blur_only
419,419304,420303,1000,9.99000000203523,False,0.04425511032104293,0.2,-0.15,0.24425511032104294,-0.1779035833332627,0.0,0.0,0.6425095233349478,brightness_only
420,420304,421303,1000,9.99000000203523,False,0.24925676094611254,0.2,-0.15,0.19708418594743202,0.09925676094611255,0.6386332220720923,0.0,0.0,noise_only
421,421304,422303,1000,9.99000000203523,True,0.004731085165485122,0.2,-0.15,0.20306525475280696,-0.14526891483451487,0.0,0.9611632333219274,0.0,blur_only
422,422304,423303,1000,9.99000000203523,False,0.27379504492029794,0.2,-0.15,0.1989578412210256,0.12379504492029791,0.0,0.8745576051582383,0.0,blur_only
423,423304,424303,1000,9.99000000203523,False,0.17057578952895924,0.2,-0.15,0.22630786284419144,0.02057578952895925,0.8783376528665069,0.0,0.0,noise_only
424,424304,425303,1000,9.99000000203523,True,0.002722577610247301,0.2,-0.15,0.20259547752322002,-0.1472774223897527,0.39384497737916413,0.0,0.0,noise_only
425,425304,426303,1000,9.99000000203523,False,0.22663434024519213,0.2,-0.15,0.19156772768671718,0.07663434024519214,0.16770705270373698,0.0,0.0,noise_only
426,426304,427303,1000,9.99000000203523,False,0.26822561294231695,0.2,-0.15,0.2971312491805961,0.11822561294231695,0.0,0.0,0.8926456787490061,brightness_only
427,427304,428303,1000,9.99000000203523,False,0.2247643684200844,0.2,-0.15,0.20429133266811503,0.0747643684200844,0.0,0.5146036841335528,0.0,blur_only
428,428304,429303,1000,9.99000000203523,True,0.010804353465979799,0.2,-0.15,0.1891956465340202,-0.14690930516123618,0.2043068071959443,0.0,0.0,noise_only
429,429304,430303,1000,9.99000000203523,True,0.01498134346814331,0.2,-0.15,0.20262439148807102,-0.1649813434681433,0.0,0.0,0.10482658863874517,brightness_only
430,430304,431303,1000,9.99000000203523,True,0.0024299508093828526,0.2,-0.15,0.19757004919061716,-0.14780574582751208,0.0,0.2500468092949856,0.0,blur_only
431,431304,432303,1000,9.99000000203523,True,0.006444623524325094,0.2,-0.15,0.2064446235243251,-0.15626063195644768,0.0,0.0,0.42846189558077274,brightness_only
432,432304,433303,1000,9.99000000203523,False,0.07681351337575959,0.2,-0.15,0.2768135133757596,-0.08208948806708666,0.6890012682201033,0.0,0.0,noise_only
433,433304,434303,1000,9.99000000203523,False,0.2279321128140041,0.2,-0.15,0.2484135457639648,0.07793211281400411,0.8775024100170777,0.0,0.0,noise_only
434,434304,435303,1000,9.99000000203523,True,0.006835916661101615,0.2,-0.15,0.20683591666110163,-0.14772690614445935,0.0,0.024941427128801652,0.0,blur_only
435,435304,436303,1000,9.99000000203523,False,0.22799335518605912,0.2,-0.15,0.29747217845471763,0.07799335518605913,0.7668513828916627,0.0,0.0,noise_only
436,436304,437303,1000,9.99000000203523,True,0.011771459105417964,0.2,-0.15,0.18822854089458205,-0.1605061329641366,0.0,0.0,0.4413934869539816,brightness_only
437,437304,438303,1000,9.99000000203523,True,0.015743975807190586,0.2,-0.15,0.18425602419280943,-0.14704553655478414,0.021561489614361773,0.0,0.0,noise_only
438,438304,439303,1000,9.99000000203523,True,0.005314790411670961,0.2,-0.15,0.2042107512718319,-0.15531479041167096,0.0,0.11378738434843938,0.0,blur_only
439,439304,440303,1000,9.99000000203523,True,0.011329600827366004,0.2,-0.15,0.188670399172634,-0.15962519220621885,0.0,0.0,0.6976578780433662,brightness_only
440,440304,441303,1000,9.99000000203523,True,0.004866054584250046,0.2,-0.15,0.20466420773153643,-0.15486605458425004,0.0,0.0,0.34746146358764296,brightness_only
441,441304,442303,1000,9.99000000203523,True,0.006442771601063629,0.2,-0.15,0.20054560020585713,-0.14355722839893637,0.16135021245946335,0.0,0.0,noise_only
442,442304,443303,1000,9.99000000203523,False,0.24199625343536912,0.2,-0.15,0.22385954190780788,0.09199625343536913,0.9015238971713483,0.0,0.0,noise_only
443,443304,444303,1000,9.99000000203523,True,0.007977022400582512,0.2,-0.15,0.20797702240058252,-0.14670350055435386,0.0,0.0,0.48758356126228086,brightness_only
444,444304,445303,1000,9.99000000203523,False,0.269142413926998,0.2,-0.15,0.19195626746069458,0.11914241392699801,0.0,0.0,0.855234548229969,brightness_only
445,445304,446303,1000,9.99000000203523,True,0.011578135596980454,0.2,-0.15,0.18842186440301956,-0.1406537158074157,0.0,0.0,0.8762216511097478,brightness_only
446,446304,447303,1000,9.99000000203523,False,0.09876359281775221,0.2,-0.15,0.2987635928177522,-0.057221496252857634,0.5364267312613383,0.0,0.0,noise_only
447,447304,448303,1000,9.99000000203523,False,0.051327562458262935,0.2,-0.15,0.2155035961859144,-0.09867243754173706,0.8203287569532373,0.0,0.0,noise_only
448,448304,449303,1000,9.99000000203523,True,0.010353855144440594,0.2,-0.15,0.20711230202434816,-0.1396461448555594,0.0,0.8461783221810999,0.0,blur_only
449,449304,450303,1000,9.99000000203523,False,0.25918327663133933,0.2,-0.15,0.21156533185722035,0.10918327663133937,0.0,0.0,0.23646666524872073,brightness_only
450,450304,451303,1000,9.99000000203523,True,0.013194848425092942,0.2,-0.15,0.1937516447328695,-0.16319484842509294,0.0,0.0,0.31144532903828526,brightness_only
451,451304,452303,1000,9.99000000203523,True,0.006865572168676087,0.2,-0.15,0.19313442783132392,-0.14426746434879048,0.0,0.5209391611271579,0.0,blur_only
452,452304,453303,1000,9.99000000203523,False,0.28184931941987545,0.2,-0.15,0.2117296301807882,0.13184931941987543,0.0,0.0,0.5331952837253933,brightness_only
453,453304,454303,1000,9.99000000203523,True,0.006990856649779165,0.2,-0.15,0.20699085664977918,-0.14997136592090302,0.08135002832448246,0.0,0.0,noise_only
454,454304,455303,1000,9.99000000203523,False,0.2970259402639315,0.2,-0.15,0.310515682341038,0.14702594026393145,0.0,0.7117091377681934,0.0,blur_only
455,455304,456303,1000,9.99000000203523,False,0.08041307424631242,0.2,-0.15,0.19227560648716766,-0.06958692575368758,0.0,0.9422919537410466,0.0,blur_only
456,456304,457303,1000,9.99000000203523,False,0.21145974305688495,0.2,-0.15,0.29120925428120686,0.061459743056884945,0.0,0.0,0.8999718578301342,brightness_only
457,457304,458303,1000,9.99000000203523,True,0.0023974465858005445,0.2,-0.15,0.19963853567879317,-0.14760255341419945,0.0,0.21618481223648367,0.0,blur_only
458,458304,459303,1000,9.99000000203523,True,0.017274992655124638,0.2,-0.15,0.21727499265512465,-0.1378622509935482,0.0,0.6102993737533061,0.0,blur_only
459,459304,460303,1000,9.99000000203523,True,0.01857050516195813,0.2,-0.15,0.21857050516195814,-0.1672338788118542,0.0,0.0,0.5230074219655552,brightness_only
460,460304,461303,1000,9.99000000203523,True,0.016882896788269597,0.2,-0.15,0.1977928718195569,-0.1331171032117304,0.0,0.41354958535273745,0.0,blur_only
461,461304,462303,1000,9.99000000203523,True,0.01040667743070553,0.2,-0.15,0.21040667743070554,-0.15228691066031305,0.0,0.21850721027229192,0.0,blur_only
462,462304,463303,1000,9.99000000203523,False,0.13542038522150443,0.2,-0.15,0.2518299058275112,-0.014579614778495571,0.0,0.0,0.4640452625429654,brightness_only
463,463304,464303,1000,9.99000000203523,True,0.004485666200190891,0.2,-0.15,0.20309995091429547,-0.15448566620019089,0.0,0.0,0.6899433203616535,brightness_only
464,464304,465303,1000,9.99000000203523,False,0.22791613105126562,0.2,-0.15,0.1974811638912196,0.07791613105126563,0.0,0.799599193471408,0.0,blur_only
465,465304,466303,1000,9.99000000203523,False,0.07220632272846411,0.2,-0.15,0.18883000912636072,-0.2222063227284641,0.0,0.0,0.1003378265363607,brightness_only
466,466304,467303,1000,9.99000000203523,True,0.001988137302544407,0.2,-0.15,0.1980118626974556,-0.15144233605276775,0.04098752502841552,0.0,0.0,noise_only
467,467304,468303,1000,9.99000000203523,True,0.008551419395719156,0.2,-0.15,0.2058918543414504,-0.15855141939571915,0.05836703224029349,0.0,0.0,noise_only
468,468304,469303,1000,9.99000000203523,False,0.03979835151112934,0.2,-0.15,0.23979835151112935,-0.11443614886101322,0.03693154961226974,0.0,0.0,noise_only
469,469304,470303,1000,9.99000000203523,False,0.10378845840223631,0.2,-0.15,0.20378258482396305,-0.04621154159776368,0.6484664290931159,0.0,0.0,noise_only
470,470304,471303,1000,9.99000000203523,True,0.009636686249996584,0.2,-0.15,0.192516609730661,-0.15963668624999658,0.0,0.0,0.3311750425079102,brightness_only
471,471304,472303,1000,9.99000000203523,True,0.006876397012902019,0.2,-0.15,0.193123602987098,-0.155451329320481,0.0,0.0,0.01717434279991603,brightness_only
472,472304,473303,1000,9.99000000203523,True,0.002030659396668827,0.2,-0.15,0.20203065939666884,-0.1512872515676843,0.0,0.0,0.09960194917932519,brightness_only
473,473304,474303,1000,9.99000000203523,False,0.04460426565884848,0.2,-0.15,0.17992782994628687,-0.10539573434115151,0.0,0.8195201222458067,0.0,blur_only
474,474304,475303,1000,9.99000000203523,True,0.009861581734711411,0.2,-0.15,0.20267007750594393,-0.1598615817347114,0.0,0.0,0.11197092116487217,brightness_only
475,475304,476303,1000,9.99000000203523,False,0.020370259562643295,0.2,-0.15,0.2203702595626433,-0.15062564252974364,0.0,0.0,0.6800803181313957,brightness_only
476,476304,477303,1000,9.99000000203523,True,0.007997783682334836,0.2,-0.15,0.20799778368233485,-0.151409186331156,0.0,0.0,0.618660923530117,brightness_only
477,477304,478303,1000,9.99000000203523,True,0.009084047591182753,0.2,-0.15,0.2001321552464901,-0.15908404759118275,0.004737803800652585,0.0,0.0,noise_only
478,478304,479303,1000,9.99000000203523,False,0.2656094731994596,0.2,-0.15,0.22327504602073356,0.1156094731994596,0.0,0.0,0.7951468374921377,brightness_only
479,479304,480303,1000,9.99000000203523,True,0.005844168655185722,0.2,-0.15,0.20584416865518573,-0.15563157593119004,0.0,0.34002156828448926,0.0,blur_only
480,480304,481303,1000,9.99000000203523,True,0.004772100603687934,0.2,-0.15,0.19522789939631208,-0.14983240082910002,0.0,0.9754471235499784,0.0,blur_only
481,481304,482303,1000,9.99000000203523,True,0.010549619418790596,0.2,-0.15,0.2105496194187906,-0.14720660977162486,0.24368552927986176,0.0,0.0,noise_only
482,482304,483303,1000,9.99000000203523,False,0.2792159142361518,0.2,-0.15,0.186039558339036,0.12921591423615175,0.0,0.24138676995680086,0.0,blur_only
483,483304,484303,1000,9.99000000203523,True,0.0026542229376108895,0.2,-0.15,0.20122095965762565,-0.15265422293761088,0.0,0.0,0.6832483009309155,brightness_only
484,484304,485303,1000,9.99000000203523,False,0.24795791023786098,0.2,-0.15,0.212628232937532,0.09795791023786099,0.9243622748545416,0.0,0.0,noise_only
485,485304,486303,1000,9.99000000203523,False,0.1241951699208136,0.2,-0.15,0.2589802226443039,-0.025804830079186394,0.0,0.6390794791225971,0.0,blur_only
486,486304,487303,1000,9.99000000203523,True,0.007954433075651829,0.2,-0.15,0.20540560235543337,-0.14204556692434817,0.0,0.0,0.2989497453722766,brightness_only
487,487304,488303,1000,9.99000000203523,False,0.020076907175794412,0.2,-0.15,0.21573405787257233,-0.1700769071757944,0.0,0.0,0.3829822362823415,brightness_only
488,488304,489303,1000,9.99000000203523,False,0.08802907792937058,0.2,-0.15,0.17576020038437332,-0.06197092207062942,0.0,0.0,0.5198528180358849,brightness_only
489,489304,490303,1000,9.99000000203523,True,0.0026057627528744964,0.2,-0.15,0.1987391932388475,-0.1473942372471255,0.0,0.03094337894793686,0.0,blur_only
490,490304,491303,1000,9.99000000203523,False,0.2959042155786478,0.2,-0.15,0.25359968011714074,0.14590421557864783,0.9841948678484728,0.0,0.0,noise_only
491,491304,492303,1000,9.99000000203523,False,0.2690002258305051,0.2,-0.15,0.20000751610726264,0.1190002258305051,0.682056447228625,0.0,0.0,noise_only
492,492304,493303,1000,9.99000000203523,True,0.007405890360607265,0.2,-0.15,0.19259410963939275,-0.15295468223463177,0.0,0.0,0.8315492338521746,brightness_only
493,493304,494303,1000,9.99000000203523,True,0.01718427322123109,0.2,-0.15,0.2171842732212311,-0.14692238474447328,0.0,0.0,0.10024256894073547,brightness_only
494,494304,495303,1000,9.99000000203523,True,0.0034250850729352356,0.2,-0.15,0.19657491492706478,-0.1510653736848233,0.02334617240779613,0.0,0.0,noise_only
495,495304,496303,1000,9.99000000203523,False,0.053442418556262694,0.2,-0.15,0.240931835300455,-0.0965575814437373,0.0,0.9660174859442144,0.0,blur_only
496,496304,497303,1000,9.99000000203523,True,0.01038086945696623,0.2,-0.15,0.21038086945696624,-0.15210470149418232,0.0,0.0,0.6352686170507187,brightness_only
497,497304,498303,1000,9.99000000203523,False,0.08099484998079916,0.2,-0.15,0.2370670437571857,-0.06900515001920084,0.0,0.9300675110062757,0.0,blur_only
498,498304,499303,1000,9.99000000203523,False,0.24590958884081587,0.2,-0.15,0.26907874403665155,0.09590958884081588,0.9575393822617735,0.0,0.0,noise_only
499,499304,500303,1000,9.99000000203523,False,0.03531361022452398,0.2,-0.15,0.22247581157700003,-0.11468638977547602,0.0,0.0,0.4825092589351364,brightness_only
500,500304,501303,1000,9.99000000203523,True,0.00440681303974394,0.2,-0.15,0.20440681303974395,-0.15186619510731525,0.0,0.0,0.45982819859493684,brightness_only
501,501304,502303,1000,9.99000000203523,True,0.00352215499176603,0.2,-0.15,0.19647784500823398,-0.14733403891573219,0.17370211932569102,0.0,0.0,noise_only
502,502304,503303,1000,9.99000000203523,True,0.007178778157603927,0.2,-0.15,0.2035497361402615,-0.14282122184239607,0.14095104420019255,0.0,0.0,noise_only
503,503304,504303,1000,9.99000000203523,False,0.1917933961054212,0.2,-0.15,0.22992491737288326,0.04179339610542121,0.0,0.0,0.6357678053308803,brightness_only
504,504304,505303,1000,9.99000000203523,True,0.017769425406204298,0.2,-0.15,0.2177694254062043,-0.14331245018925534,0.0,0.4732365290490117,0.0,blur_only
505,505304,506303,1000,9.99000000203523,False,0.11719450932169762,0.2,-0.15,0.21412017194185223,-0.03280549067830237,0.0,0.9820281282271102,0.0,blur_only
506,506304,507303,1000,9.99000000203523,True,0.016892052538154012,0.2,-0.15,0.21627612703342808,-0.166892052538154,0.0,0.31882882480262165,0.0,blur_only
507,507304,508303,1000,9.99000000203523,True,0.0003811386284536533,0.2,-0.15,0.20038113862845366,-0.1496942899363996,0.0,0.05067347829946056,0.0,blur_only
508,508304,509303,1000,9.99000000203523,False,0.22350744298687975,0.2,-0.15,0.28881598548889387,0.07350744298687975,0.0,0.7576784217521749,0.0,blur_only
509,509304,510303,1000,9.99000000203523,True,0.008821153261882902,0.2,-0.15,0.2088211532618829,-0.151307092071809,0.21055987695716027,0.0,0.0,noise_only
510,510304,511303,1000,9.99000000203523,True,0.004166712545130791,0.2,-0.15,0.2041667125451308,-0.14823932862182052,0.0,0.4050350959132065,0.0,blur_only
511,511304,512303,1000,9.99000000203523,False,0.3057780496428363,0.2,-0.15,0.17598354134368194,0.15577804964283629,0.023582333920633025,0.0,0.0,noise_only
512,512304,513303,1000,9.99000000203523,True,0.004437403028820869,0.2,-0.15,0.20103422299380647,-0.14556259697117913,0.0,0.050049391611051264,0.0,blur_only
513,513304,514303,1000,9.99000000203523,True,0.007005673798918838,0.2,-0.15,0.20256102873396287,-0.15700567379891883,0.0,0.0,0.29543617445753834,brightness_only
514,514304,515303,1000,9.99000000203523,True,0.010524541393669484,0.2,-0.15,0.18947545860633053,-0.15932474169364197,0.0,0.0,0.08558022541341548,brightness_only
515,515304,516303,1000,9.99000000203523,False,0.2982493246807861,0.2,-0.15,0.22585349149318107,0.14824932468078608,0.13532713758645876,0.0,0.0,noise_only
516,516304,517303,1000,9.99000000203523,True,0.009962540285856664,0.2,-0.15,0.19003745971414335,-0.14700647039380652,0.0,0.46619269262553176,0.0,blur_only
517,517304,518303,1000,9.99000000203523,True,0.005975959526382579,0.2,-0.15,0.2059759595263826,-0.15065613970706138,0.0,0.0,0.07372343741167486,brightness_only
518,518304,519303,1000,9.99000000203523,True,0.014427080503501222,0.2,-0.15,0.21442708050350123,-0.15588029418278154,0.0,0.08578234453694267,0.0,blur_only
519,519304,520303,1000,9.99000000203523,False,0.29233750907932743,0.2,-0.15,0.24342142686811885,0.14233750907932743,0.9560659271899986,0.0,0.0,noise_only
520,520304,521303,1000,9.99000000203523,False,0.08497140885050997,0.2,-0.15,0.22230668136510184,-0.06502859114949003,0.5247375300834846,0.0,0.0,noise_only
521,521304,522303,1000,9.99000000203523,True,0.005351042290924729,0.2,-0.15,0.20535104229092474,-0.15525597497797325,0.0,0.0,0.2603087508592141,brightness_only
522,522304,523303,1000,9.99000000203523,False,0.08434668208195273,0.2,-0.15,0.23671257497698944,-0.06565331791804727,0.6029892517245484,0.0,0.0,noise_only
523,523304,524303,1000,9.99000000203523,True,0.009380499397178305,0.2,-0.15,0.1906195006028217,-0.1475331351448733,0.0,0.5203683440279666,0.0,blur_only
524,524304,525303,1000,9.99000000203523,False,0.06987462440203167,0.2,-0.15,0.18184182031262364,-0.08012537559796833,0.0,0.0,0.7037284524232994,brightness_only
525,525304,526303,1000,9.99000000203523,False,0.18567351043499308,0.2,-0.15,0.20549766411726136,0.035673510434993096,0.0,0.25547307214835946,0.0,blur_only
526,526304,527303,1000,9.99000000203523,True,0.007453663307016606,0.2,-0.15,0.20745366330701662,-0.14772481313905264,0.0,0.0,0.15672380867171132,brightness_only
527,527304,528303,1000,9.99000000203523,False,0.020267557960665927,0.2,-0.15,0.21939970578497828,-0.12973244203933407,0.4479955578490836,0.0,0.0,noise_only
528,528304,529303,1000,9.99000000203523,True,0.0054851796810272135,0.2,-0.15,0.20548517968102722,-0.1518894506920547,0.0,0.3087764968280472,0.0,blur_only
529,529304,530303,1000,9.99000000203523,True,0.006004965195086809,0.2,-0.15,0.20600496519508682,-0.15372952265701773,0.4257895067427828,0.0,0.0,noise_only
530,530304,531303,1000,9.99000000203523,True,0.00609010447366104,0.2,-0.15,0.19390989552633897,-0.14584291935041083,0.0,0.0,0.9871576091793338,brightness_only
531,531304,532303,1000,9.99000000203523,False,0.10461704075028352,0.2,-0.15,0.25789677515112175,-0.04538295924971647,0.503993701909108,0.0,0.0,noise_only
532,532304,533303,1000,9.99000000203523,True,0.006036379593774677,0.2,-0.15,0.19396362040622533,-0.1507341727618571,0.0,0.25391057813456397,0.0,blur_only
533,533304,534303,1000,9.99000000203523,True,0.0048482661411412276,0.2,-0.15,0.20263407126343014,-0.14515173385885877,0.0,0.0,0.6626742697972953,brightness_only
534,534304,535303,1000,9.99000000203523,False,0.055443398019246276,0.2,-0.15,0.18563206226648332,-0.09455660198075372,0.5313378923310023,0.0,0.0,noise_only
535,535304,536303,1000,9.99000000203523,False,0.0474959139748867,0.2,-0.15,0.2474959139748867,-0.11686856888667811,0.44470236096311555,0.0,0.0,noise_only
536,536304,537303,1000,9.99000000203523,False,0.2967461335026961,0.2,-0.15,0.17719592271462548,0.14674613350269608,0.0,0.9004011210346874,0.0,blur_only
537,537304,538303,1000,9.99000000203523,False,0.22812614827562655,0.2,-0.15,0.2775160024300909,0.07812614827562656,0.0,0.0,0.6393393947775795,brightness_only
538,538304,539303,1000,9.99000000203523,True,0.007513659544153645,0.2,-0.15,0.20751365954415366,-0.14885071489254598,0.0,0.0,0.06280209826567329,brightness_only
539,539304,540303,1000,9.99000000203523,False,0.0928805971506182,0.2,-0.15,0.2274028638258236,-0.0571194028493818,0.4666341686634595,0.0,0.0,noise_only
540,540304,541303,1000,9.99000000203523,True,0.006206974536410864,0.2,-0.15,0.19379302546358915,-0.15147583150259522,0.0,0.5002693569330829,0.0,blur_only
541,541304,542303,1000,9.99000000203523,False,0.2737845150739127,0.2,-0.15,0.22066201390970994,0.12378451507391272,0.7035225677866342,0.0,0.0,noise_only
542,542304,543303,1000,9.99000000203523,False,0.07757056685970555,0.2,-0.15,0.27423270899796676,-0.07242943314029444,0.6035269662471229,0.0,0.0,noise_only
543,543304,544303,1000,9.99000000203523,True,0.008234947225132683,0.2,-0.15,0.19176505277486733,-0.15172548540202438,0.5314635093508411,0.0,0.0,noise_only
544,544304,545303,1000,9.99000000203523,True,0.015427232213711534,0.2,-0.15,0.21542723221371154,-0.14424240314996423,0.0,0.0,0.3891949608025711,brightness_only
545,545304,546303,1000,9.99000000203523,True,0.010812690511945555,0.2,-0.15,0.21081269051194557,-0.14731264911796252,0.17067702535190543,0.0,0.0,noise_only
546,546304,547303,1000,9.99000000203523,True,0.0015309865408069945,0.2,-0.15,0.1990531081474359,-0.148469013459193,0.0,0.14082217780546546,0.0,blur_only
547,547304,548303,1000,9.99000000203523,True,0.003458570480300016,0.2,-0.15,0.20223597506065885,-0.1534585704803,0.26122877207205786,0.0,0.0,noise_only
548,548304,549303,1000,9.99000000203523,False,0.19149564130642382,0.2,-0.15,0.2134426063021036,0.041495641306423824,0.0,0.17824320671615135,0.0,blur_only
549,549304,550303,1000,9.99000000203523,True,0.0069728145569887545,0.2,-0.15,0.20697281455698877,-0.15024526725053647,0.2716679000385581,0.0,0.0,noise_only
550,550304,551303,1000,9.99000000203523,True,0.01913605702753987,0.2,-0.15,0.21913605702753988,-0.14360016298597422,0.0,0.0,0.3531168696181185,brightness_only
551,551304,552303,1000,9.99000000203523,True,0.00375223313616066,0.2,-0.15,0.19927739535102143,-0.15375223313616065,0.0,0.0,0.0827928949847635,brightness_only
552,552304,553303,1000,9.99000000203523,True,0.008097380473807342,0.2,-0.15,0.20809738047380735,-0.14379939180961251,0.0,0.15132603098163966,0.0,blur_only
553,553304,554303,1000,9.99000000203523,True,0.010887376034675378,0.2,-0.15,0.2108873760346754,-0.145678711036749,0.0,0.0,0.029217332784256755,brightness_only
554,554304,555303,1000,9.99000000203523,False,0.08234420669226918,0.2,-0.15,0.21235262745467745,-0.06765579330773082,0.0,0.0,0.9199091072960559,brightness_only
555,555304,556303,1000,9.99000000203523,False,0.1814202763269552,0.2,-0.15,0.13075578451714748,0.03142027632695521,0.0,0.18612781791498845,0.0,blur_only
556,556304,557303,1000,9.99000000203523,True,0.0013291431579414703,0.2,-0.15,0.20132914315794148,-0.14943157131097654,0.1554920296254535,0.0,0.0,noise_only
557,557304,558303,1000,9.99000000203523,False,0.0871876452530041,0.2,-0.15,0.27564531501837336,-0.0628123547469959,0.5192216271988787,0.0,0.0,noise_only
558,558304,559303,1000,9.99000000203523,True,0.007851058210173872,0.2,-0.15,0.20785105821017388,-0.1511243173092715,0.3309139343228411,0.0,0.0,noise_only
559,559304,560303,1000,9.99000000203523,False,0.07307120234589642,0.2,-0.15,0.27307120234589644,-0.09689777354219634,0.0,0.7604227467050625,0.0,blur_only
560,560304,561303,1000,9.99000000203523,False,0.2245670644250536,0.2,-0.15,0.2477553308406881,0.07456706442505359,0.5753948348146135,0.0,0.0,noise_only
561,561304,562303,1000,9.99000000203523,False,0.23794142158721152,0.2,-0.15,0.18235612052435166,0.08794142158721152,0.19294183532326703,0.0,0.0,noise_only
562,562304,563303,1000,9.99000000203523,False,0.2725648069997411,0.2,-0.15,0.19577137366894987,0.12256480699974112,0.9260160449357844,0.0,0.0,noise_only
563,563304,564303,1000,9.99000000203523,True,0.006669916837457768,0.2,-0.15,0.19333008316254224,-0.1456431634474118,0.0,0.0,0.6850394526922547,brightness_only
564,564304,565303,1000,9.99000000203523,False,0.14613342252688166,0.2,-0.15,0.2296948977649904,-0.0038665774731183322,0.45235000640285783,0.0,0.0,noise_only
565,565304,566303,1000,9.99000000203523,False,0.09122290167527243,0.2,-0.15,0.2661338166308102,-0.058777098324727564,0.7297306306186683,0.0,0.0,noise_only
566,566304,567303,1000,9.99000000203523,True,0.002582918059343936,0.2,-0.15,0.20020466035066334,-0.15258291805934393,0.0,0.9365755665323003,0.0,blur_only
567,567304,568303,1000,9.99000000203523,True,0.00890399348126944,0.2,-0.15,0.20890399348126945,-0.15072607231319973,0.3514222410114869,0.0,0.0,noise_only
568,568304,569303,1000,9.99000000203523,True,0.0118915843669464,0.2,-0.15,0.1881084156330536,-0.13898866509146288,0.0,0.0,0.23770079427583402,brightness_only
569,569304,570303,1000,9.99000000203523,True,0.011195526164426067,0.2,-0.15,0.20572312570242307,-0.16119552616442606,0.0,0.115000195935543,0.0,blur_only
570,570304,571303,1000,9.99000000203523,False,0.31509713095388536,0.2,-0.15,0.2925863513746945,0.1650971309538854,0.0,0.0,0.3680485241023508,brightness_only
571,571304,572303,1000,9.99000000203523,False,0.05340674521278041,0.2,-0.15,0.21577511807134483,-0.09659325478721958,0.0,0.0,0.9369162605943224,brightness_only
572,572304,573303,1000,9.99000000203523,False,0.23277204209151361,0.2,-0.15,0.22832433894010162,0.08277204209151362,0.5224137461509504,0.0,0.0,noise_only
573,573304,574303,1000,9.99000000203523,True,0.013834989722654789,0.2,-0.15,0.2138349897226548,-0.15311117983636724,0.0,0.0,0.6521209036996417,brightness_only
574,574304,575303,1000,9.99000000203523,True,0.013887274530849064,0.2,-0.15,0.18611272546915095,-0.15216737968870264,0.0,0.43094166134256806,0.0,blur_only
575,575304,576303,1000,9.99000000203523,True,0.013907475244286926,0.2,-0.15,0.21390747524428694,-0.14648632807074344,0.0,0.5812819939444569,0.0,blur_only
576,576304,577303,1000,9.99000000203523,False,0.2515103005872286,0.2,-0.15,0.25336495155054356,0.10151030058722864,0.48299974404975454,0.0,0.0,noise_only
577,577304,578303,1000,9.99000000203523,False,0.19965377132867293,0.2,-0.15,0.2067889971314148,0.049653771328672935,0.0,0.6524378600050078,0.0,blur_only
578,578304,579303,1000,9.99000000203523,True,0.005946065987967042,0.2,-0.15,0.19405393401203297,-0.15204848246832203,0.0,0.18116719231907452,0.0,blur_only
579,579304,580303,1000,9.99000000203523,True,0.009229833415901195,0.2,-0.15,0.2092298334159012,-0.14408604456406862,0.0,0.46652935865059975,0.0,blur_only
580,580304,581303,1000,9.99000000203523,True,0.01048520649211851,0.2,-0.15,0.19691043261341348,-0.1604852064921185,0.0,0.09251432125082126,0.0,blur_only
581,581304,582303,1000,9.99000000203523,False,0.31347519325350776,0.2,-0.15,0.29375422468928497,0.16347519325350776,0.12194610194739874,0.0,0.0,noise_only
582,582304,583303,1000,9.99000000203523,False,0.2043380933735141,0.2,-0.15,0.19508959288958003,0.054338093373514126,0.0,0.26375165351420926,0.0,blur_only
583,583304,584303,1000,9.99000000203523,True,0.016645400198069038,0.2,-0.15,0.21664540019806905,-0.15616202157717682,0.0,0.0,0.41881720780677356,brightness_only
584,584304,585303,1000,9.99000000203523,True,0.0035036477372095143,0.2,-0.15,0.1964963522627905,-0.149705274346607,0.0,0.0,0.6549676016030197,brightness_only
585,585304,586303,1000,9.99000000203523,True,0.0028644524124047666,0.2,-0.15,0.19713554758759524,-0.15135571490734046,0.0,0.0,0.2041435961336573,brightness_only
586,586304,587303,1000,9.99000000203523,True,0.0008037693269701551,0.2,-0.15,0.19922881242768573,-0.14919623067302984,0.13445181650183624,0.0,0.0,noise_only
587,587304,588303,1000,9.99000000203523,False,0.3062306155618706,0.2,-0.15,0.21725490145333937,0.15623061556187057,0.0,0.0,0.15174382124091335,brightness_only
588,588304,589303,1000,9.99000000203523,False,0.04459344043193761,0.2,-0.15,0.24459344043193762,-0.15696633224830048,0.0,0.7108134492230546,0.0,blur_only
589,589304,590303,1000,9.99000000203523,True,0.00668896405315253,0.2,-0.15,0.20448917030749436,-0.14331103594684746,0.07147715676386757,0.0,0.0,noise_only
590,590304,591303,1000,9.99000000203523,False,0.11694749324759413,0.2,-0.15,0.27247891169342786,-0.03305250675240586,0.34384713823408486,0.0,0.0,noise_only
591,591304,592303,1000,9.99000000203523,False,0.14758590784779432,0.2,-0.15,0.22997820764860488,-0.0024140921522056713,0.7249171591690499,0.0,0.0,noise_only
592,592304,593303,1000,9.99000000203523,True,0.011973730406828614,0.2,-0.15,0.1880262695931714,-0.15723684940310362,0.0,0.0,0.8799277893106588,brightness_only
593,593304,594303,1000,9.99000000203523,True,0.006454861537087686,0.2,-0.15,0.2064548615370877,-0.14883888434220996,0.009717710559818071,0.0,0.0,noise_only
594,594304,595303,1000,9.99000000203523,True,0.005891184323747578,0.2,-0.15,0.20577490634173617,-0.15589118432374757,0.0,0.007070058282222069,0.0,blur_only
595,595304,596303,1000,9.99000000203523,False,0.2495985799151866,0.2,-0.15,0.1868586025725726,0.09959857991518661,0.0,0.43210036388338136,0.0,blur_only
596,596304,597303,1000,9.99000000203523,False,0.07439156377689454,0.2,-0.15,0.27439156377689455,-0.12246402227405248,0.5141641679903204,0.0,0.0,noise_only
597,597304,598303,1000,9.99000000203523,True,0.007166501786253943,0.2,-0.15,0.19836630309948705,-0.14283349821374605,0.0,0.3048375123281465,0.0,blur_only
598,598304,599303,1000,9.99000000203523,False,0.2944206528302864,0.2,-0.15,0.19946668128237433,0.1444206528302864,0.0,0.11502050736761538,0.0,blur_only
599,599304,600303,1000,9.99000000203523,False,0.064421618656958,0.2,-0.15,0.264421618656958,-0.09153851810664876,0.6897578773164829,0.0,0.0,noise_only
600,600304,601303,1000,9.99000000203523,False,0.05030768251584444,0.2,-0.15,0.25030768251584445,-0.11780893523002431,0.2924389392290968,0.0,0.0,noise_only
601,601304,602303,1000,9.99000000203523,True,0.011929933055085634,0.2,-0.15,0.20855132010997338,-0.13807006694491436,0.0,0.49213225157517204,0.0,blur_only
602,602304,603303,1000,9.99000000203523,True,0.009772409087272477,0.2,-0.15,0.2097724090872725,-0.15525730246165034,0.0,0.08868001858494756,0.0,blur_only
603,603304,604303,1000,9.99000000203523,True,0.0037192343130821315,0.2,-0.15,0.19771410052146465,-0.14628076568691786,0.0,0.0,0.7686360367709967,brightness_only
604,604304,605303,1000,9.99000000203523,True,0.002821156783432477,0.2,-0.15,0.2028211567834325,-0.1509479436484686,0.0,0.0,0.8437160029283467,brightness_only
605,605304,606303,1000,9.99000000203523,True,0.013055237731249197,0.2,-0.15,0.2046917671499322,-0.1630552377312492,0.0,0.20480942454323947,0.0,blur_only
606,606304,607303,1000,9.99000000203523,True,0.002085407107071835,0.2,-0.15,0.20208063264223025,-0.14791459289292816,0.0,0.15952197834839987,0.0,blur_only
607,607304,608303,1000,9.99000000203523,True,0.003945935488503333,0.2,-0.15,0.1989843815785971,-0.14605406451149666,0.0,0.0,0.03555880077810292,brightness_only
608,608304,609303,1000,9.99000000203523,True,0.007133091566049132,0.2,-0.15,0.20663844019214164,-0.15713309156604913,0.0,0.0907420078810196,0.0,blur_only
609,609304,610303,1000,9.99000000203523,True,0.00836591353571331,0.2,-0.15,0.20432662976415333,-0.14163408646428668,0.0,0.0,0.41989458756451714,brightness_only
610,610304,611303,1000,9.99000000203523,True,0.0015859367879360875,0.2,-0.15,0.19841406321206392,-0.1492080510494075,0.0,0.2551657277930247,0.0,blur_only
611,611304,612303,1000,9.99000000203523,True,0.008169433820105126,0.2,-0.15,0.20403920886386678,-0.14183056617989487,0.5216033906056406,0.0,0.0,noise_only
612,612304,613303,1000,9.99000000203523,True,0.003054783989082016,0.2,-0.15,0.19960491762422186,-0.14694521601091798,0.20528779929724783,0.0,0.0,noise_only
613,613304,614303,1000,9.99000000203523,True,0.0037977825288381672,0.2,-0.15,0.19620221747116184,-0.15190273782341504,0.0,0.046332180874929296,0.0,blur_only
614,614304,615303,1000,9.99000000203523,True,0.012756314830849463,0.2,-0.15,0.20400756849659316,-0.16275631483084946,0.0,0.27173209406767107,0.0,blur_only
615,615304,616303,1000,9.99000000203523,True,0.014074890894334974,0.2,-0.15,0.18592510910566504,-0.14972138620546077,0.0,0.3167331928424463,0.0,blur_only
616,616304,617303,1000,9.99000000203523,True,0.005149859622420316,0.2,-0.15,0.19865482600320575,-0.14485014037757968,0.0,0.4157624517868883,0.0,blur_only
617,617304,618303,1000,9.99000000203523,True,0.0094158320528753,0.2,-0.15,0.2059514493741054,-0.1405841679471247,0.0,0.9763967437998166,0.0,blur_only
618,618304,619303,1000,9.99000000203523,True,0.01441418342473108,0.2,-0.15,0.2144141834247311,-0.15281278806390494,0.0,0.5100339133587275,0.0,blur_only
619,619304,620303,1000,9.99000000203523,True,0.0025652809709748037,0.2,-0.15,0.1974347190290252,-0.15163513650935093,0.25388709054232184,0.0,0.0,noise_only
620,620304,621303,1000,9.99000000203523,True,0.008035185119039917,0.2,-0.15,0.1919648148809601,-0.1509300006103624,0.0,0.0,0.6361429899076624,brightness_only
621,621304,622303,1000,9.99000000203523,True,0.011205901373929239,0.2,-0.15,0.20144298326836985,-0.13879409862607076,0.0,0.2957309021637903,0.0,blur_only
622,622304,623303,1000,9.99000000203523,True,0.006813362926287675,0.2,-0.15,0.20681336292628769,-0.14896221593305053,0.0,0.0,0.126076986110642,brightness_only
623,623304,624303,1000,9.99000000203523,True,0.005413188479645115,0.2,-0.15,0.20541318847964513,-0.15138614750523186,0.0,0.0,0.03358041935024092,brightness_only
624,624304,625303,1000,9.99000000203523,False,0.25465843176404873,0.2,-0.15,0.18694418615836733,0.10465843176404875,0.0,0.0,0.5136340255382635,brightness_only
625,625304,626303,1000,9.99000000203523,True,0.00671166832422071,0.2,-0.15,0.1932883316757793,-0.15040402592343394,0.0,0.11467796109112727,0.0,blur_only
626,626304,627303,1000,9.99000000203523,True,0.004927341432082566,0.2,-0.15,0.20492734143208258,-0.1506285689353106,0.0,0.34184385531609573,0.0,blur_only
627,627304,628303,1000,9.99000000203523,True,0.01236982842819806,0.2,-0.15,0.21236982842819807,-0.1519283862554009,0.08293100571384782,0.0,0.0,noise_only
628,628304,629303,1000,9.99000000203523,True,0.009891820861924389,0.2,-0.15,0.2098918208619244,-0.14699004540832794,0.0,0.0,0.5631744403552731,brightness_only
629,629304,630303,1000,9.99000000203523,False,0.1961266718097211,0.2,-0.15,0.2284684465136244,0.046126671809721104,0.481538045854372,0.0,0.0,noise_only
630,630304,631303,1000,9.99000000203523,False,0.2600773362920168,0.2,-0.15,0.2658143033600615,0.11007733629201683,0.0,0.761296934896618,0.0,blur_only
631,631304,632303,1000,9.99000000203523,False,0.08233737082436166,0.2,-0.15,0.28233737082436167,-0.07756737514156367,0.0,0.2562781805346239,0.0,blur_only
632,632304,633303,1000,9.99000000203523,True,0.006901113638164369,0.2,-0.15,0.20690111363816438,-0.15071495229658913,0.0,0.0,0.10904807620674384,brightness_only
633,633304,634303,1000,9.99000000203523,False,0.18872971398227706,0.2,-0.15,0.2079477521060644,0.038729713982277064,0.0,0.0,0.804335312616568,brightness_only
634,634304,635303,1000,9.99000000203523,True,0.006741856090952708,0.2,-0.15,0.1932581439090473,-0.1486387376948241,0.0,0.0,0.5428623722053885,brightness_only
635,635304,636303,1000,9.99000000203523,True,0.0036021027020964047,0.2,-0.15,0.19868192666442877,-0.1463978972979036,0.0,0.3468457988799212,0.0,blur_only
636,636304,637303,1000,9.99000000203523,False,0.21461032628435628,0.2,-0.15,0.24418139748559,0.0646103262843563,0.0,0.8317064194946457,0.0,blur_only
637,637304,638303,1000,9.99000000203523,False,0.08455140868901352,0.2,-0.15,0.21208426610701747,-0.06544859131098647,0.6307622763436502,0.0,0.0,noise_only
638,638304,639303,1000,9.99000000203523,True,0.018619232241317396,0.2,-0.15,0.19640497413969024,-0.1313807677586826,0.0,0.4076812297812712,0.0,blur_only
639,639304,640303,1000,9.99000000203523,True,0.001722735130964631,0.2,-0.15,0.19858034044785652,-0.15172273513096463,0.09803669670541804,0.0,0.0,noise_only
640,640304,641303,1000,9.99000000203523,False,0.17989433485846612,0.2,-0.15,0.24938406795575555,0.029894334858466123,0.0,0.0,0.876547010116368,brightness_only
641,641304,642303,1000,9.99000000203523,False,0.21729691154155645,0.2,-0.15,0.2674772004738482,0.06729691154155644,0.0,0.9932835250002006,0.0,blur_only
642,642304,643303,1000,9.99000000203523,False,0.0376776600303842,0.2,-0.15,0.21114734479210212,-0.1123223399696158,0.0,0.837350076629713,0.0,blur_only
643,643304,644303,1000,9.99000000203523,True,0.013988925673091512,0.2,-0.15,0.21398892567309152,-0.15376383500610907,0.0,0.0,0.07841353349496871,brightness_only
644,644304,645303,1000,9.99000000203523,False,0.11377822981581878,0.2,-0.15,0.19093061573516862,-0.03622177018418122,0.0,0.5510486599772374,0.0,blur_only
645,645304,646303,1000,9.99000000203523,True,0.008334566779529262,0.2,-0.15,0.2075422155496697,-0.15833456677952926,0.0,0.18200329269041604,0.0,blur_only
646,646304,647303,1000,9.99000000203523,True,0.007705107269794287,0.2,-0.15,0.2047791371407682,-0.15770510726979428,0.0,0.0,0.17690398381199057,brightness_only
647,647304,648303,1000,9.99000000203523,True,0.006974841867760734,0.2,-0.15,0.1930963795993247,-0.14302515813223926,0.0,0.0,0.5494413075997631,brightness_only
648,648304,649303,1000,9.99000000203523,True,0.013098922345004704,0.2,-0.15,0.1869010776549953,-0.1429489881410533,0.0,0.26488983696695356,0.0,blur_only
649,649304,650303,1000,9.99000000203523,False,0.024250657996466585,0.2,-0.15,0.2242506579964666,-0.16201685558372594,0.0,0.33124723202231965,0.0,blur_only
650,650304,651303,1000,9.99000000203523,True,0.006497151949208441,0.2,-0.15,0.19350284805079157,-0.1476339690261911,0.0,0.0,0.2620347365749457,brightness_only
651,651304,652303,1000,9.99000000203523,False,0.3218116581556314,0.2,-0.15,0.3009707342210523,0.17181165815563143,0.004926283233624762,0.0,0.0,noise_only
652,652304,653303,1000,9.99000000203523,False,0.22905708028640087,0.2,-0.15,0.22275243261289046,0.07905708028640088,0.0,0.35485441916252847,0.0,blur_only
653,653304,654303,1000,9.99000000203523,True,0.0026704181364143043,0.2,-0.15,0.20267041813641432,-0.1517166445489409,0.0,0.0,0.38978192835590697,brightness_only
654,654304,655303,1000,9.99000000203523,False,0.17784740774852076,0.2,-0.15,0.21807929648166874,0.027847407748520764,0.6760166574732492,0.0,0.0,noise_only
655,655304,656303,1000,9.99000000203523,True,0.013485531586035271,0.2,-0.15,0.21348553158603528,-0.15313866044836266,0.0,0.2848965780648214,0.0,blur_only
656,656304,657303,1000,9.99000000203523,False,0.15592397317386136,0.2,-0.15,0.23618389442910556,0.005923973173861369,0.39620054355588263,0.0,0.0,noise_only
657,657304,658303,1000,9.99000000203523,False,0.2594036999022757,0.2,-0.15,0.24078987898645984,0.10940369990227568,0.14118575698719493,0.0,0.0,noise_only
658,658304,659303,1000,9.99000000203523,True,0.0023190543496984517,0.2,-0.15,0.19768094565030156,-0.1499083786173305,0.0,0.0,0.07045853030670024,brightness_only
659,659304,660303,1000,9.99000000203523,True,0.013820705051446003,0.2,-0.15,0.21382070505144601,-0.1524648660500468,0.0,0.0,0.7362272642905044,brightness_only
660,660304,661303,1000,9.99000000203523,True,0.014183723488015942,0.2,-0.15,0.20977650848602328,-0.16418372348801594,0.0,0.0,0.24185122346724686,brightness_only
661,661304,662303,1000,9.99000000203523,False,0.29899548717757435,0.2,-0.15,0.21540120101788823,0.14899548717757435,0.0,0.0,0.8265280057056797,brightness_only
662,662304,663303,1000,9.99000000203523,True,0.01407965538851147,0.2,-0.15,0.20822222005669333,-0.13592034461148852,0.0,0.6984644942169888,0.0,blur_only
663,663304,664303,1000,9.99000000203523,True,0.003762024526276969,0.2,-0.15,0.20376202452627698,-0.1525174488822995,0.0,0.0,0.5580167679599868,brightness_only
664,664304,665303,1000,9.99000000203523,False,0.05219845993774845,0.2,-0.15,0.20684024348424235,-0.09780154006225154,0.0,0.0,0.12721671175881077,brightness_only
665,665304,666303,1000,9.99000000203523,False,0.16367105992709366,0.2,-0.15,0.278317762637514,0.013671059927093667,0.0,0.0,0.8717353146720414,brightness_only
666,666304,667303,1000,9.99000000203523,True,0.005483616041512568,0.2,-0.15,0.20548361604151258,-0.15513175477698207,0.0,0.0,0.2368719779793993,brightness_only
667,667304,668303,1000,9.99000000203523,True,0.007313791757071614,0.2,-0.15,0.19448705466479022,-0.14268620824292838,0.0,0.3648379825323066,0.0,blur_only
668,668304,669303,1000,9.99000000203523,True,0.0026522942658102067,0.2,-0.15,0.20265229426581022,-0.14823327701587236,0.0,0.0,0.09602145371997362,brightness_only
669,669304,670303,1000,9.99000000203523,True,0.003992292838049388,0.2,-0.15,0.1993906170487479,-0.15399229283804938,0.1782662326757688,0.0,0.0,noise_only
670,670304,671303,1000,9.99000000203523,True,0.014950426169548309,0.2,-0.15,0.21495042616954832,-0.15323784740141266,0.0,0.26472051477554326,0.0,blur_only
671,671304,672303,1000,9.99000000203523,False,0.15501934700966932,0.2,-0.15,0.18012969442068483,0.005019347009669328,0.669347585880008,0.0,0.0,noise_only
672,672304,673303,1000,9.99000000203523,True,0.008059526253907184,0.2,-0.15,0.2080595262539072,-0.15172548388699186,0.0,0.0,0.15230840870805284,brightness_only
673,673304,674303,1000,9.99000000203523,False,0.2028762146033847,0.2,-0.15,0.27310448707363905,0.05287621460338471,0.0,0.0,0.9474410527837127,brightness_only
674,674304,675303,1000,9.99000000203523,False,0.2771420038107952,0.2,-0.15,0.2645521963784545,0.12714200381079518,0.0,0.807031333405995,0.0,blur_only
675,675304,676303,1000,9.99000000203523,True,0.0070125495854296005,0.2,-0.15,0.19992968266066694,-0.1429874504145704,0.0,0.0,0.3765099101406323,brightness_only
676,676304,677303,1000,9.99000000203523,False,0.14463424936930092,0.2,-0.15,0.22789289254534612,-0.005365750630699079,0.9460824779822329,0.0,0.0,noise_only
677,677304,678303,1000,9.99000000203523,False,0.05537114547758387,0.2,-0.15,0.2553711454775839,-0.10409546127142748,0.0,0.97407128858496,0.0,blur_only
678,678304,679303,1000,9.99000000203523,False,0.22060137140587774,0.2,-0.15,0.22291297904138016,0.07060137140587774,0.6252336439697358,0.0,0.0,noise_only
679,679304,680303,1000,9.99000000203523,False,0.053956297915981874,0.2,-0.15,0.18398706562053482,-0.09604370208401812,0.0,0.20225588829744823,0.0,blur_only
680,680304,681303,1000,9.99000000203523,False,0.08754428144534322,0.2,-0.15,0.19047994470354612,-0.06245571855465677,0.3958011164081878,0.0,0.0,noise_only
681,681304,682303,1000,9.990000002034321,True,0.004501404388308872,0.2,-0.15,0.20450140438830888,-0.14683168036277017,0.0,0.0,0.2794133202131972,brightness_only
682,682304,683303,1000,9.99000000203523,False,0.16365322103441718,0.2,-0.15,0.22791063286002225,0.013653221034417184,0.8653765670546295,0.0,0.0,noise_only
683,683304,684303,1000,9.99000000203523,True,0.010804389720954849,0.2,-0.15,0.19817317353084554,-0.13919561027904515,0.0,0.0,0.590659220953244,brightness_only
684,684304,685303,1000,9.99000000203523,True,0.009106904429522417,0.2,-0.15,0.20910690442952243,-0.14473133227484417,0.0,0.7971096332564648,0.0,blur_only
685,685304,686303,1000,9.99000000203523,False,0.060003872391244384,0.2,-0.15,0.19846070865096202,-0.08999612760875561,0.9729775366044636,0.0,0.0,noise_only
686,686304,687303,1000,9.99000000203523,True,0.008917412826276616,0.2,-0.15,0.19180255250761755,-0.1589174128262766,0.0,0.0,0.6608540798332817,brightness_only
687,687304,688303,1000,9.99000000203523,True,0.001346688785021366,0.2,-0.15,0.20060151372394472,-0.14865331121497863,0.0,0.0,0.502014132256575,brightness_only
688,688304,689303,1000,9.99000000203523,False,0.17913110433129964,0.2,-0.15,0.206014309935573,0.029131104331299645,0.0,0.358256935294326,0.0,blur_only
689,689304,690303,1000,9.99000000203523,True,0.004250480094319886,0.2,-0.15,0.2042504800943199,-0.1486655783675501,0.0,0.0,0.06661036923046926,brightness_only
690,690304,691303,1000,9.99000000203523,False,0.04744495900570753,0.2,-0.15,0.24744495900570754,-0.11590765751126116,0.8095560101242815,0.0,0.0,noise_only
691,691304,692303,1000,9.99000000203523,True,0.007276872771570769,0.2,-0.15,0.20727687277157078,-0.1515297080292997,0.08915121357635092,0.0,0.0,noise_only
692,692304,693303,1000,9.99000000203523,True,0.0051625664807778415,0.2,-0.15,0.20516256648077785,-0.15141459586154582,0.022885319927752334,0.0,0.0,noise_only
693,693304,694303,1000,9.99000000203523,True,0.008915730914967446,0.2,-0.15,0.20504589959787492,-0.14108426908503255,0.0,0.6236656812081256,0.0,blur_only
694,694304,695303,1000,9.99000000203523,False,0.24823252198108642,0.2,-0.15,0.24462245783099645,0.09823252198108642,0.32231518892220745,0.0,0.0,noise_only
695,695304,696303,1000,9.99000000203523,False,0.26400200780917493,0.2,-0.15,0.19683597503092828,0.11400200780917494,0.324354755795066,0.0,0.0,noise_only
696,696304,697303,1000,9.99000000203523,False,0.18124303414982848,0.2,-0.15,0.21649187505287637,0.031243034149828486,0.9985102303618166,0.0,0.0,noise_only
697,697304,698303,1000,9.99000000203523,False,0.08214279354154452,0.2,-0.15,0.28214279354154453,-0.07983511884295846,0.0,0.0,0.7742998792747376,brightness_only
698,698304,699303,1000,9.99000000203523,False,0.08165481929277184,0.2,-0.15,0.2551927767481221,-0.06834518070722816,0.4922629555757587,0.0,0.0,noise_only
699,699304,700303,1000,9.99000000203523,True,0.005257223165276131,0.2,-0.15,0.19527017624088375,-0.15525722316527613,0.1305738761802573,0.0,0.0,noise_only
700,700304,701303,1000,9.99000000203523,True,0.007203824586891505,0.2,-0.15,0.20438427184829136,-0.1427961754131085,0.0,0.17509636663498385,0.0,blur_only
701,701304,702303,1000,9.99000000203523,True,0.005580628484028488,0.2,-0.15,0.19958375323862032,-0.1444193715159715,0.0,0.2766626301995526,0.0,blur_only
702,702304,703303,1000,9.99000000203523,True,0.011286388940060677,0.2,-0.15,0.19629805784178417,-0.16128638894006067,0.2844211779287992,0.0,0.0,noise_only
703,703304,704303,1000,9.99000000203523,True,0.003267089732500783,0.2,-0.15,0.19887146008863069,-0.15326708973250078,0.2700703930216859,0.0,0.0,noise_only
704,704304,705303,1000,9.99000000203523,True,0.011813035054143495,0.2,-0.15,0.20208147755589587,-0.1618130350541435,0.07883538261397771,0.0,0.0,noise_only
705,705304,706303,1000,9.99000000203523,False,0.2557053085205116,0.2,-0.15,0.2452992478000506,0.10570530852051159,0.0,0.9950095524947119,0.0,blur_only
706,706304,707303,1000,9.99000000203523,True,0.006628945159347366,0.2,-0.15,0.20662894515934738,-0.15358361510632135,0.0,0.26641965109040144,0.0,blur_only
707,707304,708303,1000,9.99000000203523,False,0.2977312516552053,0.2,-0.15,0.21132740629759478,0.14773125165520531,0.8373308669188986,0.0,0.0,noise_only
708,708304,709303,1000,9.99000000203523,True,0.0053275964826842714,0.2,-0.15,0.1970498639028338,-0.15532759648268427,0.0,0.0,0.43285962310421533,brightness_only
709,709304,710303,1000,9.99000000203523,True,0.0043980472005407945,0.2,-0.15,0.2043980472005408,-0.15200042497040714,0.0,0.3240949659336485,0.0,blur_only
710,710304,711303,1000,9.99000000203523,False,0.2537643806484243,0.2,-0.15,0.29444303926417664,0.10376438064842436,0.0,0.0,0.3121406244172722,brightness_only
711,711304,712303,1000,9.99000000203523,True,0.01264291663610198,0.2,-0.15,0.212642916636102,-0.14893195359695052,0.0,0.0,0.7499377895383665,brightness_only
712,712304,713303,1000,9.99000000203523,True,0.010403034055276816,0.2,-0.15,0.21040303405527683,-0.15266374846684932,0.0,0.42001431489242746,0.0,blur_only
713,713304,714303,1000,9.99000000203523,False,0.16507558321738794,0.2,-0.15,0.28986098626295476,0.015075583217387944,0.6903446923136514,0.0,0.0,noise_only
714,714304,715303,1000,9.99000000203523,False,0.2900933354853895,0.2,-0.15,0.25891067382043126,0.14009333548538952,0.0,0.9409911711887476,0.0,blur_only
715,715304,716303,1000,9.99000000203523,False,0.18960374557927331,0.2,-0.15,0.258243817366203,0.039603745579273326,0.8047548688338214,0.0,0.0,noise_only
716,716304,717303,1000,9.99000000203523,False,0.04034509623046256,0.2,-0.15,0.23931474563582758,-0.19034509623046256,0.6862868115298664,0.0,0.0,noise_only
717,717304,718303,1000,9.99000000203523,False,0.22298044898969155,0.2,-0.15,0.3168396526253222,0.07298044898969154,0.0,0.0,0.21872112155082168,brightness_only
718,718304,719303,1000,9.99000000203523,True,0.005165225651343058,0.2,-0.15,0.19483477434865695,-0.15321990083121081,0.0,0.0,0.3630270848689229,brightness_only
719,719304,720303,1000,9.99000000203523,True,0.009145998259180249,0.2,-0.15,0.19645521205651273,-0.14085400174081975,0.0,0.8817772103693756,0.0,blur_only
720,720304,721303,1000,9.99000000203523,True,0.004764229310595058,0.2,-0.15,0.20476422931059507,-0.15235717618058314,0.0,0.21203965237287792,0.0,blur_only
721,721304,722303,1000,9.99000000203523,True,0.00918897823314499,0.2,-0.15,0.2058245540587575,-0.140811021766855,0.031404469509060284,0.0,0.0,noise_only
722,722304,723303,1000,9.99000000203523,True,0.008417058250657944,0.2,-0.15,0.19158294174934207,-0.15134030111250935,0.2742208822616917,0.0,0.0,noise_only
723,723304,724303,1000,9.99000000203523,True,0.010080567367981658,0.2,-0.15,0.18991943263201835,-0.14318018940574515,0.19930936612371486,0.0,0.0,noise_only
724,724304,725303,1000,9.99000000203523,False,0.26520651056999706,0.2,-0.15,0.1955707334941749,0.11520651056999706,0.6304493221576427,0.0,0.0,noise_only
725,725304,726303,1000,9.99000000203523,True,0.018393132382033023,0.2,-0.15,0.21839313238203303,-0.16584544828760187,0.0,0.28062147227622514,0.0,blur_only
726,726304,727303,1000,9.99000000203523,False,0.1907511378357695,0.2,-0.15,0.22920295265689786,0.040751137835769495,0.5141353757921157,0.0,0.0,noise_only
727,727304,728303,1000,9.99000000203523,True,0.004246513661205514,0.2,-0.15,0.1996038610000895,-0.14575348633879448,0.0,0.0,0.4504731689752356,brightness_only
728,728304,729303,1000,9.99000000203523,False,0.08137680916075837,0.2,-0.15,0.19414620412582442,-0.06862319083924162,0.0,0.9271821540333879,0.0,blur_only
729,729304,730303,1000,9.99000000203523,True,0.015378795224123026,0.2,-0.15,0.21537879522412304,-0.1646496269395664,0.0,0.39594971428148273,0.0,blur_only
730,730304,731303,1000,9.99000000203523,False,0.2240511957405658,0.2,-0.15,0.25808372878927216,0.0740511957405658,0.914794186615754,0.0,0.0,noise_only
731,731304,732303,1000,9.99000000203523,False,0.10199752358968556,0.2,-0.15,0.30199752358968557,-0.1342404435107427,0.0,0.9127272462824961,0.0,blur_only
732,732304,733303,1000,9.99000000203523,False,0.07751376764200453,0.2,-0.15,0.26498996456226825,-0.07248623235799546,0.9011174392150293,0.0,0.0,noise_only
733,733304,734303,1000,9.99000000203523,False,0.04466696518772012,0.2,-0.15,0.21216296714244387,-0.10533303481227987,0.41754774520009863,0.0,0.0,noise_only
734,734304,735303,1000,9.99000000203523,True,0.010081534094293354,0.2,-0.15,0.18991846590570666,-0.15546464957354528,0.0,0.38173505050803147,0.0,blur_only
735,735304,736303,1000,9.99000000203523,False,0.22334865304044346,0.2,-0.15,0.19646104197859712,0.07334865304044347,0.0,0.636421848494794,0.0,blur_only
736,736304,737303,1000,9.99000000203523,False,0.28655604512117683,0.2,-0.15,0.2519864409689303,0.13655604512117683,0.0,0.9121941938875623,0.0,blur_only
737,737304,738303,1000,9.99000000203523,False,0.15233772875029328,0.2,-0.15,0.18892805552736333,0.0023377287502932944,0.4878286801255758,0.0,0.0,noise_only
738,738304,739303,1000,9.99000000203523,False,0.2509154411150729,0.2,-0.15,0.28305348583488976,0.10091544111507292,0.8385647068806553,0.0,0.0,noise_only
739,739304,740303,1000,9.99000000203523,True,0.004529359033154934,0.2,-0.15,0.19673555611448632,-0.14547064096684506,0.0,0.0,0.29630655640346204,brightness_only
740,740304,741303,1000,9.99000000203523,True,0.0003518704611679413,0.2,-0.15,0.20035187046116795,-0.15029802159636982,0.0,0.5278436899698568,0.0,blur_only
741,741304,742303,1000,9.99000000203523,False,0.07253973755608328,0.2,-0.15,0.23679220098773668,-0.07746026244391671,0.7926900172940221,0.0,0.0,noise_only
742,742304,743303,1000,9.99000000203523,True,0.006742562382605344,0.2,-0.15,0.20674256238260535,-0.1523232799945819,0.28736641838989163,0.0,0.0,noise_only
743,743304,744303,1000,9.99000000203523,False,0.10047581853993712,0.2,-0.15,0.2066458201018237,-0.04952418146006288,0.834085600955318,0.0,0.0,noise_only
744,744304,745303,1000,9.99000000203523,True,0.0078241280108505,0.2,-0.15,0.2078241280108505,-0.15207432661695428,0.0,0.6124893926176426,0.0,blur_only
745,745304,746303,1000,9.99000000203523,True,0.006543628952958819,0.2,-0.15,0.20654362895295883,-0.15241279351544076,0.0,0.0,0.1953476460428013,brightness_only
746,746304,747303,1000,9.99000000203523,False,0.18858581041369854,0.2,-0.15,0.2695622596537959,0.03858581041369853,0.0,0.0,0.9096861483682755,brightness_only
747,747304,748303,1000,9.99000000203523,False,0.10194985370920041,0.2,-0.15,0.2918849105138951,-0.04805014629079958,0.991105951499747,0.0,0.0,noise_only
748,748304,749303,1000,9.99000000203523,False,0.15191479087596862,0.2,-0.15,0.27477255401254175,0.0019147908759686316,0.0,0.0,0.7539887698971484,brightness_only
749,749304,750303,1000,9.99000000203523,True,0.00550358968784026,0.2,-0.15,0.19596691544012146,-0.14449641031215973,0.0,0.7035468382332953,0.0,blur_only
750,750304,751303,1000,9.99000000203523,False,0.220503767430889,0.2,-0.15,0.27131832348539175,0.070503767430889,0.0,0.9100894948237894,0.0,blur_only
751,751304,752303,1000,9.99000000203523,True,0.003518567553244756,0.2,-0.15,0.20037898438535032,-0.14648143244675524,0.0,0.0,0.12148306925945329,brightness_only
752,752304,753303,1000,9.99000000203523,True,0.01051612276243405,0.2,-0.15,0.21051612276243406,-0.15196773358083313,0.0,0.21846400725758852,0.0,blur_only
753,753304,754303,1000,9.99000000203523,False,0.13715598070913715,0.2,-0.15,0.2549812812916585,-0.012844019290862839,0.0,0.6629345470399413,0.0,blur_only
754,754304,755303,1000,9.99000000203523,True,0.005690847087073708,0.2,-0.15,0.1943091529129263,-0.14853716168780637,0.0,0.20208556655581655,0.0,blur_only
755,755304,756303,1000,9.99000000203523,False,0.1891611861072397,0.2,-0.15,0.28339362588598377,0.039161186107239704,0.8986793222182597,0.0,0.0,noise_only
756,756304,757303,1000,9.99000000203523,False,0.16818105186639545,0.2,-0.15,0.29412998523477024,0.01818105186639546,0.7519531223336503,0.0,0.0,noise_only
757,757304,758303,1000,9.99000000203523,False,0.14898439051658588,0.2,-0.15,0.22967527720626613,-0.001015609483414115,0.8425519293330196,0.0,0.0,noise_only
758,758304,759303,1000,9.99000000203523,True,0.008334056022988812,0.2,-0.15,0.20694270479707194,-0.1583340560229888,0.0,0.29289696531882603,0.0,blur_only
759,759304,760303,1000,9.99000000203523,False,0.2956311447424396,0.2,-0.15,0.18569274660808982,0.14563114474243963,0.886595830772441,0.0,0.0,noise_only
760,760304,761303,1000,9.99000000203523,False,0.20975024000376297,0.2,-0.15,0.29675624118801647,0.05975024000376297,0.7904841953337187,0.0,0.0,noise_only
761,761304,762303,1000,9.99000000203523,False,0.21958979948160975,0.2,-0.15,0.2012194925624149,0.06958979948160976,0.54908760332557,0.0,0.0,noise_only
762,762304,763303,1000,9.99000000203523,True,0.013005917349276808,0.2,-0.15,0.20420884983646767,-0.1630059173492768,0.0,0.645592829814922,0.0,blur_only
763,763304,764303,1000,9.99000000203523,True,0.0057309754312949435,0.2,-0.15,0.1999422085295848,-0.15573097543129494,0.0,0.0,0.45289443572793386,brightness_only
764,764304,765303,1000,9.99000000203523,False,0.29696553604254383,0.2,-0.15,0.28308432828595614,0.14696553604254387,0.0,0.79425662612084,0.0,blur_only
765,765304,766303,1000,9.99000000203523,False,0.22828972234346737,0.2,-0.15,0.2503104048561156,0.07828972234346737,0.0,0.9602979536785919,0.0,blur_only
766,766304,767303,1000,9.99000000203523,True,0.007134349488326086,0.2,-0.15,0.19286565051167393,-0.14943037100548953,0.0,0.0,0.6379372252491706,brightness_only
767,767304,768303,1000,9.99000000203523,False,0.32342837973072036,0.2,-0.15,0.25669649377058623,0.1734283797307204,0.0,0.1304581462088722,0.0,blur_only
768,768304,769303,1000,9.99000000203523,True,0.008212978038903723,0.2,-0.15,0.1917870219610963,-0.1449454975244262,0.30950396890052145,0.0,0.0,noise_only
769,769304,770303,1000,9.99000000203523,True,0.009002870157371723,0.2,-0.15,0.20900287015737173,-0.15138211630443368,0.0,0.0,0.5645053921159388,brightness_only
770,770304,771303,1000,9.99000000203523,True,0.006178985935137188,0.2,-0.15,0.20074729691628196,-0.1438210140648628,0.4576637977809226,0.0,0.0,noise_only
771,771304,772303,1000,9.99000000203523,True,0.018155067463370395,0.2,-0.15,0.19960121893342708,-0.1318449325366296,0.0,0.5843204325755826,0.0,blur_only
772,772304,773303,1000,9.99000000203523,True,0.0034963169310120723,0.2,-0.15,0.19842807623143463,-0.14650368306898792,0.0,0.041805199905937784,0.0,blur_only
773,773304,774303,1000,9.99000000203523,False,0.09361054256118663,0.2,-0.15,0.19708756561120336,-0.056389457438813365,0.8259883920174942,0.0,0.0,noise_only
774,774304,775303,1000,9.99000000203523,True,0.004512818455502332,0.2,-0.15,0.20451281845550234,-0.14992119352701097,0.0,0.0064315530966667644,0.0,blur_only
775,775304,776303,1000,9.99000000203523,False,0.2933860506781828,0.2,-0.15,0.27554982262075617,0.14338605067818277,0.0,0.0,0.23006221108191072,brightness_only
776,776304,777303,1000,9.99000000203523,False,0.2966748788292981,0.2,-0.15,0.2921122092412248,0.1466748788292981,0.0,0.0,0.9523319875599752,brightness_only
777,777304,778303,1000,9.99000000203523,True,0.008727231522261347,0.2,-0.15,0.20872723152226136,-0.15416924081267724,0.0,0.53905312704842,0.0,blur_only
778,778304,779303,1000,9.99000000203523,False,0.048941629727737454,0.2,-0.15,0.1732787889537722,-0.10105837027226254,0.0,0.7127800222682794,0.0,blur_only
779,779304,780303,1000,9.99000000203523,True,0.006384980721861777,0.2,-0.15,0.2063849807218618,-0.15409228674796197,0.2563554194537411,0.0,0.0,noise_only
780,780304,781303,1000,9.99000000203523,True,0.007947138277449028,0.2,-0.15,0.20794713827744904,-0.14993293747255867,0.12819486498169752,0.0,0.0,noise_only
781,781304,782303,1000,9.99000000203523,True,0.006038170474235105,0.2,-0.15,0.20603817047423512,-0.149969881347571,0.031055783942025572,0.0,0.0,noise_only
782,782304,783303,1000,9.99000000203523,False,0.07155691087636412,0.2,-0.15,0.18996546800229994,-0.07844308912363587,0.0,0.44021777225189407,0.0,blur_only
783,783304,784303,1000,9.99000000203523,False,0.1464042989080588,0.2,-0.15,0.24519518145517266,-0.0035957010919411836,0.8201894221059264,0.0,0.0,noise_only
784,784304,785303,1000,9.99000000203523,True,0.015527814715639743,0.2,-0.15,0.21552781471563975,-0.14246258673239479,0.0,0.0,0.7909293757329781,brightness_only
785,785304,786303,1000,9.99000000203523,True,0.013965112259484824,0.2,-0.15,0.21396511225948484,-0.14900009535839825,0.24423942323914316,0.0,0.0,noise_only
786,786304,787303,1000,9.99000000203523,False,0.1266124024343023,0.2,-0.15,0.2959673526516143,-0.023387597565697693,0.9576161050746798,0.0,0.0,noise_only
787,787304,788303,1000,9.99000000203523,False,0.2841253926275682,0.2,-0.15,0.2633363475578941,0.13412539262756823,0.0,0.8737611693248145,0.0,blur_only
788,788304,789303,1000,9.99000000203523,True,0.009274984569345168,0.2,-0.15,0.20865459680426485,-0.15927498456934516,0.0,0.0,0.025119235838274467,brightness_only
789,789304,790303,1000,9.99000000203523,False,0.28594368515303337,0.2,-0.15,0.22012240768088073,0.1359436851530334,0.0,0.33997121953085097,0.0,blur_only
790,790304,791303,1000,9.99000000203523,True,0.008346385509542559,0.2,-0.15,0.19748677142204085,-0.14165361449045744,0.18027904296125208,0.0,0.0,noise_only
791,791304,792303,1000,9.99000000203523,False,0.0590659873507651,0.2,-0.15,0.1409340126492349,-0.11359300005099654,0.21419072667504335,0.0,0.0,noise_only
792,792304,793303,1000,9.99000000203523,True,0.0021233329066976114,0.2,-0.15,0.19862687395850903,-0.14787666709330238,0.0,0.0,0.797653043199102,brightness_only
793,793304,794303,1000,9.99000000203523,True,0.01478825328305769,0.2,-0.15,0.18521174671694232,-0.1459127613100711,0.0,0.6529917974092553,0.0,blur_only
794,794304,795303,1000,9.99000000203523,True,0.008382946393389129,0.2,-0.15,0.19808578165909477,-0.15838294639338912,0.0,0.0,0.0991876741579768,brightness_only
795,795304,796303,1000,9.99000000203523,True,0.004703564289084972,0.2,-0.15,0.19569556040760108,-0.15470356428908497,0.0,0.25916990580918553,0.0,blur_only
796,796304,797303,1000,9.99000000203523,False,0.28720902053651626,0.2,-0.15,0.1874491324656727,0.13720902053651626,0.0,0.0,0.9366097641053128,brightness_only
797,797304,798303,1000,9.99000000203523,False,0.21662730762628482,0.2,-0.15,0.202244027929011,0.06662730762628483,0.2659672321491139,0.0,0.0,noise_only
798,798304,799303,1000,9.99000000203523,False,0.09119759604770422,0.2,-0.15,0.29119759604770423,-0.0893078475740804,0.0,0.0,0.23050934828800407,brightness_only
799,799304,800303,1000,9.99000000203523,True,0.007293423401097648,0.2,-0.15,0.20729342340109766,-0.14672459273559574,0.17158306512418986,0.0,0.0,noise_only
800,800304,801303,1000,9.99000000203523,False,0.07327212639108187,0.2,-0.15,0.2220119853139398,-0.07672787360891813,0.7937231601597963,0.0,0.0,noise_only
801,801304,802303,1000,9.99000000203523,False,0.1468477862901897,0.2,-0.15,0.24782261163545277,-0.003152213709810281,0.7962359342909309,0.0,0.0,noise_only
802,802304,803303,1000,9.99000000203523,True,0.00172579067756215,0.2,-0.15,0.19925457966918736,-0.15172579067756214,0.0,0.3516088932447352,0.0,blur_only
803,803304,804303,1000,9.99000000203523,False,0.276780003674299,0.2,-0.15,0.2364993401653771,0.12678000367429904,0.0,0.0,0.32408117038292295,brightness_only
804,804304,805303,1000,9.99000000203523,True,0.01971847609630012,0.2,-0.15,0.19898834575908725,-0.13028152390369988,0.0,0.69243307064807,0.0,blur_only
805,805304,806303,1000,9.99000000203523,True,0.015422721469472128,0.2,-0.15,0.21542272146947214,-0.15298836479930839,0.0,0.0,0.778390621629877,brightness_only
806,806304,807303,1000,9.99000000203523,True,0.006643579292027607,0.2,-0.15,0.20664357929202762,-0.1479655248005119,0.0,0.08376144993877455,0.0,blur_only
807,807304,808303,1000,9.99000000203523,False,0.1834473869060901,0.2,-0.15,0.23123265359550535,0.033447386906090115,0.9878793182160716,0.0,0.0,noise_only
808,808304,809303,1000,9.99000000203523,True,0.00848957529451344,0.2,-0.15,0.20848957529451345,-0.1555098724281817,0.3354707480249315,0.0,0.0,noise_only
809,809304,810303,1000,9.99000000203523,True,0.010261955079223256,0.2,-0.15,0.19872285445501287,-0.16026195507922325,0.0,0.0,0.7574516546977808,brightness_only
810,810304,811303,1000,9.99000000203523,True,0.01523037152471396,0.2,-0.15,0.21523037152471397,-0.14913143309390997,0.0,0.0,0.4296429090756769,brightness_only
811,811304,812303,1000,9.99000000203523,False,0.020239419185380747,0.2,-0.15,0.18875615358930808,-0.12976058081461925,0.0,0.5659670557900999,0.0,blur_only
812,812304,813303,1000,9.99000000203523,False,0.19300320959223116,0.2,-0.15,0.20801878816605548,0.04300320959223116,0.5700479101147612,0.0,0.0,noise_only
813,813304,814303,1000,9.99000000203523,False,0.21391180046992744,0.2,-0.15,0.23917622580014875,0.06391180046992745,0.8760025358669007,0.0,0.0,noise_only
814,814304,815303,1000,9.99000000203523,False,0.07389041613531022,0.2,-0.15,0.21222367012964452,-0.07610958386468977,0.45807337231623735,0.0,0.0,noise_only
815,815304,816303,1000,9.99000000203523,False,0.3323551990783069,0.2,-0.15,0.18995554058278016,0.18235519907830688,0.0,0.0013978821472920844,0.0,blur_only
816,816304,817303,1000,9.99000000203523,True,0.0035205144865792237,0.2,-0.15,0.1964794855134208,-0.14767748816121604,0.0,0.0,0.6307523559176738,brightness_only
817,817304,818303,1000,9.99000000203523,False,0.0961929942005812,0.2,-0.15,0.2961929942005812,-0.11513610452732087,0.8745902680323963,0.0,0.0,noise_only
818,818304,819303,1000,9.99000000203523,True,0.009483423339214758,0.2,-0.15,0.20948342333921477,-0.1557546861208009,0.0,0.0,0.7851310536952918,brightness_only
819,819304,820303,1000,9.99000000203523,True,0.005206468384177515,0.2,-0.15,0.20520646838417753,-0.1490998111422744,0.008628888683421376,0.0,0.0,noise_only
820,820304,821303,1000,9.99000000203523,False,0.13255840112525194,0.2,-0.15,0.23376549038610844,-0.017441598874748054,0.9751931084463203,0.0,0.0,noise_only
821,821304,822303,1000,9.99000000203523,True,0.018331499813423663,0.2,-0.15,0.21833149981342367,-0.13213615449959845,0.0,0.9675520712806195,0.0,blur_only
822,822304,823303,1000,9.99000000203523,True,0.005182534776282555,0.2,-0.15,0.20518253477628257,-0.14644877422737013,0.0,0.0,0.33589137863968155,brightness_only
823,823304,824303,1000,9.99000000203523,False,0.05860510602219099,0.2,-0.15,0.258605106022191,-0.13123013913386644,0.74268446416067,0.0,0.0,noise_only
824,824304,825303,1000,9.99000000203523,False,0.07510092079679541,0.2,-0.15,0.22890074306079322,-0.07489907920320459,0.0,0.5767419839475066,0.0,blur_only
825,825304,826303,1000,9.99000000203523,True,0.007231297968339406,0.2,-0.15,0.20723129796833942,-0.15496159686935837,0.0,0.0,0.6326278757184742,brightness_only
826,826304,827303,1000,9.99000000203523,True,0.01984832779586787,0.2,-0.15,0.21984832779586788,-0.14437277472072607,0.0,0.0,0.23865217120374305,brightness_only
827,827304,828303,1000,9.99000000203523,True,0.0183240934215447,0.2,-0.15,0.1944698846642286,-0.1683240934215447,0.0,0.0954731906551527,0.0,blur_only
828,828304,829303,1000,9.99000000203523,True,0.0018909957535051536,0.2,-0.15,0.1988697031420604,-0.15189099575350515,0.4079635991813326,0.0,0.0,noise_only
829,829304,830303,1000,9.99000000203523,False,0.29799649833107866,0.2,-0.15,0.19034758150842063,0.14799649833107867,0.0,0.7899225280875171,0.0,blur_only
830,830304,831303,1000,9.99000000203523,True,0.010852495006732216,0.2,-0.15,0.21085249500673223,-0.15894527353965007,0.0,0.0,0.3509700527593639,brightness_only
831,831304,832303,1000,9.99000000203523,True,0.004547005491553513,0.2,-0.15,0.2041249040058748,-0.1545470054915535,0.0,0.29987686092607657,0.0,blur_only
832,832304,833303,1000,9.99000000203523,False,0.28506657279520736,0.2,-0.15,0.27259659000634295,0.13506657279520737,0.0,0.0,0.8661714934130659,brightness_only
833,833304,834303,1000,9.99000000203523,True,0.007247908596600655,0.2,-0.15,0.20724790859660067,-0.14942939902726554,0.0,0.2055975689388424,0.0,blur_only
834,834304,835303,1000,9.99000000203523,True,0.011256074436855307,0.2,-0.15,0.21125607443685532,-0.14419638974117044,0.0,0.0,0.8425458401973999,brightness_only
835,835304,836303,1000,9.99000000203523,True,0.010351619302893106,0.2,-0.15,0.21035161930289312,-0.14609268949365362,0.0,0.0,0.8423349751242992,brightness_only
836,836304,837303,1000,9.99000000203523,True,0.00871226710163081,0.2,-0.15,0.20871226710163082,-0.1528305911251906,0.0,0.3888927772321864,0.0,blur_only
837,837304,838303,1000,9.99000000203523,True,0.013079749025169424,0.2,-0.15,0.21307974902516943,-0.16299816316056046,0.2777112178227443,0.0,0.0,noise_only
838,838304,839303,1000,9.99000000203523,True,0.006182252176099606,0.2,-0.15,0.20618225217609962,-0.15172836652559565,0.0,0.014234620881991233,0.0,blur_only
839,839304,840303,1000,9.99000000203523,True,0.0037361128211967354,0.2,-0.15,0.20373611282119675,-0.1494908502189845,0.36703975683315515,0.0,0.0,noise_only
840,840304,841303,1000,9.99000000203523,True,0.011847046539237155,0.2,-0.15,0.18815295346076286,-0.15559776174129694,0.0,0.0,0.666371298056135,brightness_only
841,841304,842303,1000,9.99000000203523,False,0.11987264342242562,0.2,-0.15,0.2972036318444963,-0.03012735657757437,0.7919793791425817,0.0,0.0,noise_only
842,842304,843303,1000,9.99000000203523,False,0.28784237520870637,0.2,-0.15,0.24412007016813173,0.13784237520870637,0.18554319809871522,0.0,0.0,noise_only
843,843304,844303,1000,9.99000000203523,True,0.018451332591843256,0.2,-0.15,0.20517575334182486,-0.13154866740815674,0.0,0.5344389043097513,0.0,blur_only
844,844304,845303,1000,9.99000000203523,True,0.010850109905955169,0.2,-0.15,0.21085010990595518,-0.14918598344285788,0.23310728863407137,0.0,0.0,noise_only
845,845304,846303,1000,9.99000000203523,False,0.10068705527702171,0.2,-0.15,0.3006870552770217,-0.07946961326082864,0.0,0.0,0.4641154166161444,brightness_only
846,846304,847303,1000,9.99000000203523,True,0.008691990344798478,0.2,-0.15,0.2068731060528868,-0.14130800965520152,0.0,0.0,0.4509490834580824,brightness_only
847,847304,848303,1000,9.99000000203523,True,0.002957492259769573,0.2,-0.15,0.20295749225976958,-0.1474770369607518,0.08617579461000147,0.0,0.0,noise_only
848,848304,849303,1000,9.99000000203523,True,0.012788694598664468,0.2,-0.15,0.21278869459866448,-0.14380595797052245,0.2589389729822973,0.0,0.0,noise_only
849,849304,850303,1000,9.99000000203523,False,0.14051889880633592,0.2,-0.15,0.2947296974545097,-0.00948110119366408,0.5483472843862044,0.0,0.0,noise_only
850,850304,851303,1000,9.99000000203523,True,0.0058584542017035,0.2,-0.15,0.2058584542017035,-0.1489304943517867,0.0,0.7736264659416093,0.0,blur_only
851,851304,852303,1000,9.99000000203523,True,0.0075709261954482465,0.2,-0.15,0.19242907380455176,-0.1533707864372278,0.0,0.40087326787205424,0.0,blur_only
852,852304,853303,1000,9.99000000203523,True,0.004129127202810556,0.2,-0.15,0.20412912720281057,-0.15272004258052685,0.2978968815837516,0.0,0.0,noise_only
853,853304,854303,1000,9.99000000203523,True,0.007230859949306057,0.2,-0.15,0.20723085994930607,-0.1499539540776967,0.0,0.0,0.15644691976094383,brightness_only
854,854304,855303,1000,9.99000000203523,False,0.16817974580305672,0.2,-0.15,0.36817974580305673,-0.03897559568178912,0.30005342903845067,0.0,0.0,noise_only
855,855304,856303,1000,9.99000000203523,True,0.0112244699287872,0.2,-0.15,0.1887755300712128,-0.14267005298363944,0.0,0.0,0.7750431078506635,brightness_only
856,856304,857303,1000,9.99000000203523,False,0.06654859816061476,0.2,-0.15,0.20012066970782744,-0.08345140183938524,0.0,0.8448450050542212,0.0,blur_only
857,857304,858303,1000,9.99000000203523,True,0.004716289845247218,0.2,-0.15,0.2042502135428897,-0.14528371015475278,0.0,0.0,0.6471185487090748,brightness_only
858,858304,859303,1000,9.99000000203523,True,0.007393184939285785,0.2,-0.15,0.2073931849392858,-0.1459906439538007,0.0,0.0,0.1430211487480807,brightness_only
859,859304,860303,1000,9.99000000203523,False,0.11180485531863038,0.2,-0.15,0.22125636211893704,-0.038195144681369614,0.9806912622674983,0.0,0.0,noise_only
860,860304,861303,1000,9.99000000203523,False,0.2132598137716733,0.2,-0.15,0.27835886051765624,0.0632598137716733,0.0,0.0,0.9807001166471734,brightness_only
861,861304,862303,1000,9.99000000203523,True,0.009162865242611562,0.2,-0.15,0.20916286524261157,-0.15646824298319703,0.0,0.0,0.4257316776159725,brightness_only
862,862304,863303,1000,9.99000000203523,True,0.006452196759562434,0.2,-0.15,0.20082299461814604,-0.15645219675956243,0.0,0.0,0.4287965129689958,brightness_only
863,863304,864303,1000,9.99000000203523,True,0.010336431939714952,0.2,-0.15,0.21033643193971496,-0.14950940548936767,0.0,0.0,0.07428029246094714,brightness_only
864,864304,865303,1000,9.99000000203523,False,0.291399926008386,0.2,-0.15,0.21010410719240338,0.141399926008386,0.36196907991076854,0.0,0.0,noise_only
865,865304,866303,1000,9.99000000203523,False,0.2558654769262715,0.2,-0.15,0.2792946470539763,0.10586547692627149,0.5269304626738948,0.0,0.0,noise_only
866,866304,867303,1000,9.99000000203523,False,0.20899037092944098,0.2,-0.15,0.21582145450247367,0.05899037092944098,0.20276756936311147,0.0,0.0,noise_only
867,867304,868303,1000,9.99000000203523,True,0.009384683102829333,0.2,-0.15,0.20217867518054125,-0.14061531689717066,0.44903630267656247,0.0,0.0,noise_only
868,868304,869303,1000,9.99000000203523,True,0.007996744276945744,0.2,-0.15,0.199734663040241,-0.14200325572305425,0.0,0.0,0.4181117716846521,brightness_only
869,869304,870303,1000,9.99000000203523,True,0.010460914682551697,0.2,-0.15,0.20523474693869784,-0.1604609146825517,0.0,0.0,0.6443938995452744,brightness_only
870,870304,871303,1000,9.99000000203523,True,0.005398955771735214,0.2,-0.15,0.1946010442282648,-0.1485548316566767,0.0,0.0,0.9016951992970006,brightness_only
871,871304,872303,1000,9.99000000203523,True,0.01582184201485154,0.2,-0.15,0.21582184201485155,-0.15485562629834657,0.0,0.0,0.08381370507690711,brightness_only
872,872304,873303,1000,9.99000000203523,False,0.18040980204789198,0.2,-0.15,0.20189564541088667,0.03040980204789197,0.7078660752257677,0.0,0.0,noise_only
873,873304,874303,1000,9.99000000203523,False,0.10072870410287094,0.2,-0.15,0.30072870410287095,-0.10825232819742792,0.42566733732065787,0.0,0.0,noise_only
874,874304,875303,1000,9.99000000203523,True,0.005779181236249348,0.2,-0.15,0.20063451673425645,-0.14422081876375065,0.5444747358936184,0.0,0.0,noise_only
875,875304,876303,1000,9.99000000203523,True,0.007276260324038164,0.2,-0.15,0.20727626032403818,-0.14704930715577763,0.0,0.0,0.6265795833886203,brightness_only
876,876304,877303,1000,9.99000000203523,True,0.00756438458793629,0.2,-0.15,0.2013488367374093,-0.15756438458793628,0.22334053368518014,0.0,0.0,noise_only
877,877304,878303,1000,9.99000000203523,True,0.005754030809132393,0.2,-0.15,0.1993920070476468,-0.1557540308091324,0.0,0.0,0.5273182017175627,brightness_only
878,878304,879303,1000,9.99000000203523,False,0.029428569592599596,0.2,-0.15,0.18613528776020832,-0.1205714304074004,0.0,0.7136841759540674,0.0,blur_only
879,879304,880303,1000,9.99000000203523,False,0.20414778128432196,0.2,-0.15,0.1937639095280726,0.05414778128432196,0.9229917064985764,0.0,0.0,noise_only
880,880304,881303,1000,9.99000000203523,True,0.00818158946511735,0.2,-0.15,0.20818158946511736,-0.14957725094737817,0.0,0.0070978765792811815,0.0,blur_only
881,881304,882303,1000,9.99000000203523,False,0.05557274809276046,0.2,-0.15,0.21582974481245445,-0.09442725190723954,0.0,0.9053799989748357,0.0,blur_only
882,882304,883303,1000,9.99000000203523,True,0.010361659562594633,0.2,-0.15,0.21036165956259464,-0.1518459368429415,0.0,0.0,0.44969789162049767,brightness_only
883,883304,884303,1000,9.99000000203523,True,0.007622312983076612,0.2,-0.15,0.1923776870169234,-0.14772245201043807,0.0,0.0,0.8955365707594509,brightness_only
884,884304,885303,1000,9.99000000203523,False,0.09115972942511802,0.2,-0.15,0.2229693682201715,-0.058840270574881975,0.5450282257346959,0.0,0.0,noise_only
885,885304,886303,1000,9.99000000203523,False,0.18782343654866648,0.2,-0.15,0.2268216999053158,0.03782343654866649,0.0,0.0,0.9078176615494881,brightness_only
886,886304,887303,1000,9.99000000203523,False,0.2607871877233978,0.2,-0.15,0.27015688295333457,0.11078718772339785,0.0,0.0,0.9035852410163098,brightness_only
887,887304,888303,1000,9.99000000203523,False,0.275222950535593,0.2,-0.15,0.28070419278295666,0.12522295053559296,0.5332474686959263,0.0,0.0,noise_only
888,888304,889303,1000,9.99000000203523,False,0.14203340943007986,0.2,-0.15,0.24472310074999493,-0.007966590569920126,0.35245944189184997,0.0,0.0,noise_only
889,889304,890303,1000,9.99000000203523,True,0.016319192137331934,0.2,-0.15,0.21631919213733194,-0.1619315298677127,0.0,0.0,0.24626654870043585,brightness_only
890,890304,891303,1000,9.99000000203523,True,0.004667601124405507,0.2,-0.15,0.20466760112440552,-0.1534803882439298,0.0,0.0,0.2913847744745952,brightness_only
891,891304,892303,1000,9.99000000203523,True,0.005989843701990238,0.2,-0.15,0.20200524701729722,-0.14401015629800976,0.0,0.0,0.7974715466240039,brightness_only
892,892304,893303,1000,9.99000000203523,True,0.00585114161744002,0.2,-0.15,0.19414885838256,-0.15250963620303187,0.0,0.0,0.4017951575119564,brightness_only
893,893304,894303,1000,9.99000000203523,True,0.009301962391804336,0.2,-0.15,0.1985537302547847,-0.15930196239180433,0.0,0.6270030914720032,0.0,blur_only
894,894304,895303,1000,9.99000000203523,True,0.011443076875301106,0.2,-0.15,0.21144307687530112,-0.1534046497906653,0.0,0.0,0.7026141749197309,brightness_only
895,895304,896303,1000,9.99000000203523,False,0.08750936519532734,0.2,-0.15,0.17830992109888516,-0.06249063480467265,0.0,0.7054594264234824,0.0,blur_only
896,896304,897303,1000,9.99000000203523,False,0.13793537842127457,0.2,-0.15,0.25000781424275087,-0.01206462157872544,0.0,0.7063940782274154,0.0,blur_only
897,897304,898303,1000,9.99000000203523,True,0.0112693538488699,0.2,-0.15,0.20913953067068125,-0.1612693538488699,0.0,0.0,0.18523887020071494,brightness_only
898,898304,899303,1000,9.99000000203523,True,0.007147987009784557,0.2,-0.15,0.20714798700978457,-0.15557864240061034,0.0,0.486450023364584,0.0,blur_only
899,899304,900303,1000,9.99000000203523,False,0.08301165335015534,0.2,-0.15,0.21779719364738995,-0.06698834664984465,0.0,0.0,0.9747857700247896,brightness_only
900,900304,901303,1000,9.99000000203523,True,0.01597393217619894,0.2,-0.15,0.19873709468042405,-0.16597393217619894,0.0,0.5946372158446226,0.0,blur_only
901,901304,902303,1000,9.99000000203523,False,0.1299201741800523,0.2,-0.15,0.3299201741800523,-0.11957978276371488,0.0,0.0,0.7352812967576217,brightness_only
902,902304,903303,1000,9.99000000203523,True,0.007680925924455323,0.2,-0.15,0.1923190740755447,-0.15152110949180334,0.0,0.4689832977112295,0.0,blur_only
903,903304,904303,1000,9.99000000203523,True,0.0018405959583945308,0.2,-0.15,0.20158292214584214,-0.14815940404160546,0.0,0.0,0.08312745356472828,brightness_only
904,904304,905303,1000,9.99000000203523,True,0.006109794810608388,0.2,-0.15,0.2061097948106084,-0.1505530302932425,0.0,0.4646908236157379,0.0,blur_only
905,905304,906303,1000,9.99000000203523,True,0.009264154301628552,0.2,-0.15,0.19073584569837146,-0.15054443167889747,0.0,0.38179684303789774,0.0,blur_only
906,906304,907303,1000,9.99000000203523,False,0.13586201274094473,0.2,-0.15,0.2612896911146556,-0.014137987259055268,0.5387614946970865,0.0,0.0,noise_only
907,907304,908303,1000,9.99000000203523,True,0.013635843616901122,0.2,-0.15,0.21363584361690113,-0.1527037710605147,0.40236299868002146,0.0,0.0,noise_only
908,908304,909303,1000,9.99000000203523,True,0.009209334229289712,0.2,-0.15,0.20920933422928972,-0.1489985889685379,0.1340110221379084,0.0,0.0,noise_only
909,909304,910303,1000,9.99000000203523,True,0.0059890295437884655,0.2,-0.15,0.19556275678997845,-0.15598902954378846,0.0,0.5126747304528104,0.0,blur_only
910,910304,911303,1000,9.99000000203523,False,0.09721380642695343,0.2,-0.15,0.29721380642695344,-0.07777141777178094,0.6580239747492364,0.0,0.0,noise_only
911,911304,912303,1000,9.99000000203523,True,0.0021490146225672524,0.2,-0.15,0.20214901462256726,-0.15205989929389055,0.0,0.10867277172693424,0.0,blur_only
912,912304,913303,1000,9.99000000203523,True,0.0012796026826685514,0.2,-0.15,0.19962611724369805,-0.14872039731733144,0.0,0.0,0.6990028052704103,brightness_only
913,913304,914303,1000,9.99000000203523,True,0.009602281488119535,0.2,-0.15,0.20960228148811955,-0.1553107572874456,0.0,0.0,0.9274229879188338,brightness_only
914,914304,915303,1000,9.99000000203523,True,0.0007770233553210659,0.2,-0.15,0.20061928995256365,-0.14922297664467893,0.0,0.0,0.629043216981936,brightness_only
915,915304,916303,1000,9.99000000203523,False,0.07800903954542751,0.2,-0.15,0.20930215523231996,-0.07199096045457248,0.0,0.0,0.976485410312184,brightness_only
916,916304,917303,1000,9.99000000203523,False,0.09047851299218511,0.2,-0.15,0.25661961633758196,-0.059521487007814886,0.7520007570910402,0.0,0.0,noise_only
917,917304,918303,1000,9.99000000203523,True,0.005140341053821967,0.2,-0.15,0.20514034105382198,-0.14834721389593378,0.0,0.0,0.8320381895921126,brightness_only
918,918304,919303,1000,9.99000000203523,True,0.0036644123687416263,0.2,-0.15,0.20366441236874164,-0.15304707700647477,0.0,0.0,0.25814035947595215,brightness_only
919,919304,920303,1000,9.99000000203523,True,0.011815411065682652,0.2,-0.15,0.2049072360646189,-0.13818458893431734,0.0,0.0,0.40929295546671707,brightness_only
920,920304,921303,1000,9.99000000203523,True,0.0017320574696677304,0.2,-0.15,0.19826794253033228,-0.14828607651642517,0.0,0.0,0.5968645739158637,brightness_only
921,921304,922303,1000,9.99000000203523,True,0.008127901199357607,0.2,-0.15,0.1918720988006424,-0.14591187911184422,0.0,0.0,0.8106565803335509,brightness_only
922,922304,923303,1000,9.99000000203523,True,0.015394784910742837,0.2,-0.15,0.19127491371250996,-0.13460521508925716,0.0,0.4802844168954846,0.0,blur_only
923,923304,924303,1000,9.99000000203523,True,0.011169615583922987,0.2,-0.15,0.211169615583923,-0.1436923881596425,0.0,0.1511506084231471,0.0,blur_only
924,924304,925303,1000,9.99000000203523,True,0.009941029240196214,0.2,-0.15,0.2027945147854095,-0.14005897075980378,0.2572676866689084,0.0,0.0,noise_only
925,925304,926303,1000,9.99000000203523,False,0.23103653118946138,0.2,-0.15,0.25372846394238596,0.08103653118946139,0.0,0.6642478136710442,0.0,blur_only
926,926304,927303,1000,9.99000000203523,False,0.17634291002563962,0.2,-0.15,0.283967385683621,0.026342910025639626,0.9006810254495751,0.0,0.0,noise_only
927,927304,928303,1000,9.99000000203523,False,0.07014200395202566,0.2,-0.15,0.2342280311686109,-0.07985799604797433,0.0,0.0,0.25612006805767473,brightness_only
928,928304,929303,1000,9.99000000203523,True,0.0033569757921235177,0.2,-0.15,0.20335697579212353,-0.1469274110129987,0.0,0.0,0.6592863883868043,brightness_only
929,929304,930303,1000,9.99000000203523,True,0.008004597390987495,0.2,-0.15,0.2080045973909875,-0.1522370237363799,0.0,0.0,0.4646776566756545,brightness_only
930,930304,931303,1000,9.99000000203523,False,0.08838462646079373,0.2,-0.15,0.22859142292899595,-0.06161537353920627,0.0,0.0,0.9826478834423024,brightness_only
931,931304,932303,1000,9.99000000203523,False,0.047702804900734475,0.2,-0.15,0.191919878442553,-0.19770280490073447,0.6962408935356986,0.0,0.0,noise_only
932,932304,933303,1000,9.99000000203523,False,0.06528970834797841,0.2,-0.15,0.2066351321511114,-0.08471029165202158,0.9786659861579905,0.0,0.0,noise_only
933,933304,934303,1000,9.99000000203523,False,0.11478292768807113,0.2,-0.15,0.3015136447273425,-0.03521707231192885,0.21829639628024,0.0,0.0,noise_only
934,934304,935303,1000,9.99000000203523,False,0.09865973335667111,0.2,-0.15,0.25463837790635074,-0.051340266643328886,0.0,0.8878667203180207,0.0,blur_only
935,935304,936303,1000,9.99000000203523,False,0.23816262607668712,0.2,-0.15,0.26318072247860524,0.08816262607668712,0.0,0.0,0.9463953469632548,brightness_only
936,936304,937303,1000,9.99000000203523,True,0.00139123818328446,0.2,-0.15,0.19910056302431883,-0.14860876181671553,0.0,0.0,0.38124526233812694,brightness_only
937,937304,938303,1000,9.99000000203523,False,0.23234607063710241,0.2,-0.15,0.24046393148584566,0.08234607063710242,0.4504587371794653,0.0,0.0,noise_only
938,938304,939303,1000,9.99000000203523,True,0.010510239148966816,0.2,-0.15,0.21051023914896683,-0.1528038275818032,0.0,0.0,0.10569056718012526,brightness_only
939,939304,940303,1000,9.99000000203523,True,0.0051481717550355965,0.2,-0.15,0.19485182824496441,-0.15247592895362957,0.0,0.0,0.21941481312370736,brightness_only
940,940304,941303,1000,9.99000000203523,False,0.23079717833809082,0.2,-0.15,0.21008325424813915,0.08079717833809084,0.0,0.0,0.9112890551425032,brightness_only
941,941304,942303,1000,9.99000000203523,False,0.07384567596175319,0.2,-0.15,0.19316839562319543,-0.0761543240382468,0.0,0.8387290092048478,0.0,blur_only
942,942304,943303,1000,9.99000000203523,True,0.014116265876274348,0.2,-0.15,0.18588373412372566,-0.14217320070180509,0.0,0.0,0.9029702264215969,brightness_only
943,943304,944303,1000,9.99000000203523,True,0.010468356131367706,0.2,-0.15,0.21046835613136772,-0.15430639804386434,0.13546152104180653,0.0,0.0,noise_only
944,944304,945303,1000,9.99000000203523,True,0.018421402060102204,0.2,-0.15,0.21842140206010222,-0.15803057335469356,0.0,0.9642616381706166,0.0,blur_only
945,945304,946303,1000,9.99000000203523,True,0.014174196039156428,0.2,-0.15,0.21417419603915644,-0.16043593593104138,0.0,0.0,0.3249855111975408,brightness_only
946,946304,947303,1000,9.99000000203523,False,0.29648176250316394,0.2,-0.15,0.21149503349900803,0.14648176250316397,0.0,0.0,0.8695221998947766,brightness_only
947,947304,948303,1000,9.99000000203523,False,0.21608847933372904,0.2,-0.15,0.20580300519594227,0.06608847933372905,0.7691380692876039,0.0,0.0,noise_only
948,948304,949303,1000,9.99000000203523,True,0.0090192982145203,0.2,-0.15,0.2090192982145203,-0.15564951575071076,0.0,0.0,0.21979354978728305,brightness_only
949,949304,950303,1000,9.99000000203523,False,0.0438412233618265,0.2,-0.15,0.2438412233618265,-0.17204305550291465,0.0,0.8604262387256558,0.0,blur_only
950,950304,951303,1000,9.99000000203523,True,0.009179773146040099,0.2,-0.15,0.20151633048521364,-0.1408202268539599,0.0,0.0,0.6053242484218689,brightness_only
951,951304,952303,1000,9.99000000203523,True,0.004381851653407515,0.2,-0.15,0.20138346047930575,-0.1543818516534075,0.0,0.0,0.1631898375935903,brightness_only
952,952304,953303,1000,9.99000000203523,True,0.007841902709785908,0.2,-0.15,0.20784190270978592,-0.15080354824339054,0.0,0.0,0.07316154926279406,brightness_only
953,953304,954303,1000,9.99000000203523,False,0.25214803028727534,0.2,-0.15,0.28805066816641806,0.10214803028727534,0.6741339855329924,0.0,0.0,noise_only
954,954304,955303,1000,9.99000000203523,True,0.0028933094355461098,0.2,-0.15,0.19886371331752734,-0.1528933094355461,0.0,0.0,0.35458328065960887,brightness_only
955,955304,956303,1000,9.99000000203523,True,0.018853324912126018,0.2,-0.15,0.2092947617199627,-0.13114667508787398,0.1848683753263809,0.0,0.0,noise_only
956,956304,957303,1000,9.99000000203523,False,0.05667650265050145,0.2,-0.15,0.25667650265050146,-0.10853624939177954,0.4983023375441835,0.0,0.0,noise_only
957,957304,958303,1000,9.99000000203523,True,0.014662742971809362,0.2,-0.15,0.2025496477722042,-0.16466274297180936,0.0,0.0,0.7604629986843282,brightness_only
958,958304,959303,1000,9.99000000203523,True,0.017582613259620905,0.2,-0.15,0.1824173867403791,-0.14047311956220565,0.0,0.2592703405928921,0.0,blur_only
959,959304,960303,1000,9.99000000203523,False,0.2128241838784522,0.2,-0.15,0.24981745815353745,0.06282418387845222,0.0,0.9437712932942951,0.0,blur_only
960,960304,961303,1000,9.99000000203523,True,0.009113115977349706,0.2,-0.15,0.20911311597734972,-0.15335912403059634,0.0,0.0,0.44333666990576037,brightness_only
961,961304,962303,1000,9.99000000203523,False,0.02526307517953974,0.2,-0.15,0.19297071222391365,-0.12473692482046025,0.3565372092121947,0.0,0.0,noise_only
962,962304,963303,1000,9.99000000203523,False,0.22805103149681932,0.2,-0.15,0.23466026609710863,0.07805103149681934,0.0,0.0,0.9360950739708103,brightness_only
963,963304,964303,1000,9.99000000203523,False,0.19971771252861387,0.2,-0.15,0.30690035976327423,0.049717712528613886,0.0,0.8450909050306192,0.0,blur_only
964,964304,965303,1000,9.99000000203523,True,0.008195004904512498,0.2,-0.15,0.20692751885574728,-0.1581950049045125,0.0,0.0,0.5616874568677235,brightness_only
965,965304,966303,1000,9.99000000203523,True,0.001243821493104147,0.2,-0.15,0.19875617850689586,-0.15079119331898444,0.0,0.06431142678593782,0.0,blur_only
966,966304,967303,1000,9.99000000203523,True,0.0003726146696916288,0.2,-0.15,0.20012577050292865,-0.15037261466969162,0.0,0.0,0.35602744504230077,brightness_only
967,967304,968303,1000,9.99000000203523,False,0.29171526170446815,0.2,-0.15,0.2324964600021364,0.1417152617044682,0.0,0.0,0.8319295769569676,brightness_only
968,968304,969303,1000,9.99000000203523,True,0.0036727320696473276,0.2,-0.15,0.19700658022927167,-0.14632726793035267,0.28592969539919244,0.0,0.0,noise_only
969,969304,970303,1000,9.99000000203523,True,0.012691213459632977,0.2,-0.15,0.212691213459633,-0.15464535005369745,0.0,0.48651906474057394,0.0,blur_only
970,970304,971303,1000,9.99000000203523,True,0.002760414669605804,0.2,-0.15,0.20276041466960582,-0.15260951889410493,0.03044346595965486,0.0,0.0,noise_only
971,971304,972303,1000,9.99000000203523,False,0.15170183012820168,0.2,-0.15,0.20587470049460452,0.0017018301282016894,0.0,0.8501756193081363,0.0,blur_only
972,972304,973303,1000,9.99000000203523,False,0.18089148840889316,0.2,-0.15,0.2252652445789278,0.030891488408893168,0.0,0.560130289693211,0.0,blur_only
973,973304,974303,1000,9.99000000203523,True,0.0015230737305459707,0.2,-0.15,0.19847692626945404,-0.15079942554715367,0.0,0.2731378854984141,0.0,blur_only
974,974304,975303,1000,9.99000000203523,True,0.017829688309231068,0.2,-0.15,0.21432631693910914,-0.16782968830923106,0.0,0.0,0.8810377512086556,brightness_only
975,975304,976303,1000,9.99000000203523,True,0.008769416442167388,0.2,-0.15,0.20077528101975556,-0.1412305835578326,0.0,0.0,0.07885510691761499,brightness_only
976,976304,977303,1000,9.99000000203523,False,0.23633226484706152,0.2,-0.15,0.23299951541807942,0.08633226484706152,0.20087760558300272,0.0,0.0,noise_only
977,977304,978303,1000,9.99000000203523,False,0.23596853737076565,0.2,-0.15,0.18975421959343824,0.08596853737076565,0.0,0.8319012242410269,0.0,blur_only
978,978304,979303,1000,9.99000000203523,True,0.004679444074399269,0.2,-0.15,0.20337736671392803,-0.15467944407439926,0.09295525605633992,0.0,0.0,noise_only
979,979304,980303,1000,9.99000000203523,False,0.13335213375302069,0.2,-0.15,0.26235372453397526,-0.01664786624697931,0.0,0.5961081779689987,0.0,blur_only
980,980304,981303,1000,9.99000000203523,True,0.0045777887578427046,0.2,-0.15,0.20457778875784272,-0.15209442682736865,0.0,0.0,0.2820942457602761,brightness_only
981,981304,982303,1000,9.99000000203523,False,0.18532679770924917,0.2,-0.15,0.22022110708403933,0.03532679770924918,0.9657734440470443,0.0,0.0,noise_only
982,982304,983303,1000,9.99000000203523,True,0.004037379199868574,0.2,-0.15,0.1981566343608231,-0.15403737919986857,0.0,0.0,0.20188107857567428,brightness_only
983,983304,984303,1000,9.99000000203523,False,0.26764029951879437,0.2,-0.15,0.22385976344485337,0.11764029951879437,0.0,0.38283634202287753,0.0,blur_only
984,984304,985303,1000,9.99000000203523,False,0.04598261179266877,0.2,-0.15,0.19132608882036478,-0.10401738820733122,0.0,0.9087082241368934,0.0,blur_only
985,985304,986303,1000,9.99000000203523,False,0.09076590315138444,0.2,-0.15,0.2842162627446144,-0.05923409684861555,0.0,0.8581501592265866,0.0,blur_only
986,986304,987303,1000,9.99000000203523,False,0.2930283151517321,0.2,-0.15,0.20652708099355893,0.14302831515173212,0.0,0.0,0.611025736708811,brightness_only
987,987304,988303,1000,9.99000000203523,False,0.0662515802101099,0.2,-0.15,0.2662515802101099,-0.11978191765536568,0.8256339462945937,0.0,0.0,noise_only
988,988304,989303,1000,9.99000000203523,True,0.003933523005103162,0.2,-0.15,0.20393352300510317,-0.15079056728237647,0.0,0.0,0.6643400953641309,brightness_only
989,989304,990303,1000,9.99000000203523,True,0.003112547861623488,0.2,-0.15,0.20263449238666398,-0.1468874521383765,0.37822562893965506,0.0,0.0,noise_only
990,990304,991303,1000,9.99000000203523,True,0.007618931011146968,0.2,-0.15,0.2050265865025866,-0.15761893101114696,0.42711499727390656,0.0,0.0,noise_only
991,991304,992303,1000,9.99000000203523,True,0.002860430146657933,0.2,-0.15,0.20145457989949858,-0.15286043014665793,0.0,0.01820271897353165,0.0,blur_only
992,992304,993303,1000,9.99000000203523,False,0.1195804452888817,0.2,-0.15,0.28419568865811434,-0.030419554711118287,0.48360959562183403,0.0,0.0,noise_only
993,993304,994303,1000,9.99000000203523,False,0.20715502912384204,0.2,-0.15,0.2408477590706812,0.05715502912384206,0.0,0.9217183254995678,0.0,blur_only
994,994304,995303,1000,9.99000000203523,True,0.005630299359951851,0.2,-0.15,0.19887859091260038,-0.14436970064004814,0.0,0.011269748717766759,0.0,blur_only
995,995304,996303,1000,9.99000000203523,False,0.2925747614473278,0.2,-0.15,0.24428030432016956,0.1425747614473278,0.7731349435597179,0.0,0.0,noise_only
996,996304,997303,1000,9.99000000203523,True,0.004249032289732418,0.2,-0.15,0.19973614204212065,-0.14575096771026758,0.0,0.0,0.6426709315202974,brightness_only
997,997304,998303,1000,9.99000000203523,False,0.16506327937368578,0.2,-0.15,0.19484905483734022,0.01506327937368579,0.8196069910971674,0.0,0.0,noise_only
998,998304,999303,1000,9.99000000203523,True,0.003373572324606555,0.2,-0.15,0.20337357232460657,-0.15231631258218134,0.0,0.0,0.48824276480611173,brightness_only
999,999304,1000303,1000,9.99000000203523,True,0.008966403010116503,0.2,-0.15,0.2089664030101165,-0.15700282176852695,0.0517208357193758,0.0,0.0,noise_only
